-- phpMyAdmin SQL Dump
-- version 5.0.4
-- https://www.phpmyadmin.net/
--
-- Host: 127.0.0.1
-- Generation Time: Mar 24, 2021 at 08:24 PM
-- Server version: 10.4.17-MariaDB
-- PHP Version: 7.3.27

SET SQL_MODE = "NO_AUTO_VALUE_ON_ZERO";
START TRANSACTION;
SET time_zone = "+00:00";


/*!40101 SET @OLD_CHARACTER_SET_CLIENT=@@CHARACTER_SET_CLIENT */;
/*!40101 SET @OLD_CHARACTER_SET_RESULTS=@@CHARACTER_SET_RESULTS */;
/*!40101 SET @OLD_COLLATION_CONNECTION=@@COLLATION_CONNECTION */;
/*!40101 SET NAMES utf8mb4 */;

--
-- Database: `anp`
--

-- --------------------------------------------------------

--
-- Table structure for table `tb_admin`
--

CREATE TABLE `tb_admin` (
  `user` varchar(16) NOT NULL,
  `pass` varchar(16) NOT NULL,
  `level` varchar(16) NOT NULL
) ENGINE=InnoDB DEFAULT CHARSET=latin1;

--
-- Dumping data for table `tb_admin`
--

INSERT INTO `tb_admin` (`user`, `pass`, `level`) VALUES
('admin', 'admin', '');

-- --------------------------------------------------------

--
-- Table structure for table `tb_alternatif`
--

CREATE TABLE `tb_alternatif` (
  `kode_alternatif` varchar(16) NOT NULL,
  `nama_alternatif` varchar(255) NOT NULL,
  `keterangan` varchar(255) NOT NULL,
  `total` double NOT NULL,
  `rank` int(11) NOT NULL,
  `id_periode` int(3) NOT NULL
) ENGINE=MyISAM DEFAULT CHARSET=latin1;

--
-- Dumping data for table `tb_alternatif`
--

INSERT INTO `tb_alternatif` (`kode_alternatif`, `nama_alternatif`, `keterangan`, `total`, `rank`, `id_periode`) VALUES
('A03', 'Arif', '', 0.50657744512851, 1, 1),
('A02', 'Adam', '', 0.49342255487149, 2, 1),
('A01', 'Ahmad', '', 0, 3, 1),
('A04', 'BUDI', '', 0.39655533978129, 1, 2),
('A05', 'Andi', '', 0.30490617216069, 2, 2),
('A06', 'wiwin', '', 0.29853848805802, 3, 2);

-- --------------------------------------------------------

--
-- Table structure for table `tb_alt_krit`
--

CREATE TABLE `tb_alt_krit` (
  `kode_alternatif` varchar(16) NOT NULL,
  `kode_kriteria` varchar(16) NOT NULL,
  `nilai` double DEFAULT NULL
) ENGINE=InnoDB DEFAULT CHARSET=latin1;

--
-- Dumping data for table `tb_alt_krit`
--

INSERT INTO `tb_alt_krit` (`kode_alternatif`, `kode_kriteria`, `nilai`) VALUES
('', 'C01', 0.25),
('', 'C02', 0.25),
('', 'C03', 0.25),
('A01', 'C01', 0.017095375309511),
('A01', 'C02', 0.20666511539289),
('A01', 'C03', 0.081367536739185),
('A01', 'C04', 0.077354389536283),
('A01', 'C05', 0.073858639824002),
('A01', 'C06', 0.19827165741488),
('A01', 'C07', 0.11892776572642),
('A01', 'C08', 0.11322976002841),
('A01', 'C09', 0.11322976002841),
('A02', 'C01', 0.023420140191204),
('A02', 'C02', 0.14569541898878),
('A02', 'C03', 0.10917001157051),
('A02', 'C04', 0.11666254980245),
('A02', 'C05', 0.11424709086526),
('A02', 'C06', 0.12873984448845),
('A02', 'C07', 0.12390892661405),
('A02', 'C08', 0.11907800873965),
('A02', 'C09', 0.11907800873965),
('A03', 'C01', 0.023428541248687),
('A03', 'C02', 0.11030701447336),
('A03', 'C03', 0.15408941580052),
('A03', 'C04', 0.11507264967378),
('A03', 'C05', 0.11265719073658),
('A03', 'C06', 0.12714994435977),
('A03', 'C07', 0.12231902648537),
('A03', 'C08', 0.11748810861097),
('A03', 'C09', 0.11748810861097),
('A04', 'C01', 0.029097757770626),
('A04', 'C02', 0.11922602814192),
('A04', 'C03', 0.11637702529292),
('A04', 'C04', 0.11637702529292),
('A04', 'C05', 0.12207503099092),
('A04', 'C06', 0.13347104238693),
('A04', 'C07', 0.12777303668893),
('A04', 'C08', 0.11922602814192),
('A04', 'C09', 0.11637702529292),
('A05', 'C01', 0.11111111111111),
('A05', 'C02', 0.11111111111111),
('A05', 'C03', 0.11111111111111),
('A05', 'C04', 0.11111111111111),
('A05', 'C05', 0.11111111111111),
('A05', 'C06', 0.11111111111111),
('A05', 'C07', 0.11111111111111),
('A05', 'C08', 0.11111111111111),
('A05', 'C09', 0.11111111111111),
('A06', 'C01', 0.035279829339695),
('A06', 'C02', 0.11722301796553),
('A06', 'C03', 0.11385601459853),
('A06', 'C04', 0.12059002133254),
('A06', 'C05', 0.11722301796553),
('A06', 'C06', 0.13742503816756),
('A06', 'C07', 0.12395702469954),
('A06', 'C08', 0.11722301796553),
('A06', 'C09', 0.11722301796553),
('A12', 'C01', 0.25),
('A12', 'C02', 0.25),
('A12', 'C03', 0.25),
('A12', 'C04', 0.25);

-- --------------------------------------------------------

--
-- Table structure for table `tb_kriteria`
--

CREATE TABLE `tb_kriteria` (
  `kode_kriteria` varchar(16) NOT NULL,
  `nama_kriteria` varchar(255) NOT NULL,
  `keterangan` varchar(255) NOT NULL
) ENGINE=MyISAM DEFAULT CHARSET=latin1;

--
-- Dumping data for table `tb_kriteria`
--

INSERT INTO `tb_kriteria` (`kode_kriteria`, `nama_kriteria`, `keterangan`) VALUES
('C02', 'Administrasi - Pendidikan', ''),
('C01', 'Administrasi - WNI', ''),
('C03', 'Administrasi - Usia', ''),
('C04', 'Administrasi - SKCK', ''),
('C05', 'Administrasi - Surat Keterangan Sehat', ''),
('C06', 'Administrasi - Tidak Pernah Menjabat 3 kali', ''),
('C07', 'Wawancara - Psikolog', ''),
('C08', 'Wawancara - Wawasan Kewarganegaraan', ''),
('C09', 'Wawancara - Wawasan Umum', '');

-- --------------------------------------------------------

--
-- Table structure for table `tb_krit_alt`
--

CREATE TABLE `tb_krit_alt` (
  `kode_kriteria` varchar(16) NOT NULL,
  `kode_alternatif` varchar(16) NOT NULL,
  `nilai` double DEFAULT NULL
) ENGINE=InnoDB DEFAULT CHARSET=latin1;

--
-- Dumping data for table `tb_krit_alt`
--

INSERT INTO `tb_krit_alt` (`kode_kriteria`, `kode_alternatif`, `nilai`) VALUES
('C01', 'A01', 0.12802093949153),
('C01', 'A02', 0.11195256342315),
('C01', 'A03', 0.10178162325221),
('C01', 'A04', 0.12316239316239),
('C01', 'A05', 0.12316239316239),
('C01', 'A06', 0.12316239316239),
('C01', 'A07', 0.11322181910417),
('C01', 'A08', 0.11673447202859),
('C01', 'A09', 0.082720729779553),
('C01', 'A10', 0.15981139510551),
('C01', 'A11', 0.079423314717432),
('C01', 'A12', 0.079423314717432),
('C02', 'A01', 0.14135022232262),
('C02', 'A02', 0.11869891770628),
('C02', 'A03', 0.10407216149198),
('C02', 'A04', 0.18265375930443),
('C02', 'A05', 0.099936189517892),
('C02', 'A06', 0.094189063081111),
('C02', 'A07', 0.099442042783868),
('C02', 'A08', 0.099442042783868),
('C02', 'A09', 0.099442042783868),
('C02', 'A10', 0.099442042783868),
('C02', 'A11', 0.099442042783868),
('C02', 'A12', 0.099442042783868),
('C03', 'A01', 0.10276180841378),
('C03', 'A02', 0.12246260179486),
('C03', 'A03', 0.15998929606834),
('C03', 'A04', 0.11810065786437),
('C03', 'A05', 0.11810065786437),
('C03', 'A06', 0.11810065786437),
('C03', 'A07', 0.097252290428101),
('C03', 'A08', 0.097252290428101),
('C03', 'A09', 0.097252290428101),
('C03', 'A10', 0.097252290428101),
('C03', 'A11', 0.097252290428101),
('C03', 'A12', 0.097252290428101),
('C04', 'A01', 0.33333333333333),
('C04', 'A02', 0.33333333333333),
('C04', 'A03', 0.33333333333333);

-- --------------------------------------------------------

--
-- Table structure for table `tb_periode`
--

CREATE TABLE `tb_periode` (
  `id` int(3) NOT NULL,
  `tahun` year(4) NOT NULL,
  `status` enum('0','1') NOT NULL DEFAULT '0'
) ENGINE=InnoDB DEFAULT CHARSET=utf8mb4;

--
-- Dumping data for table `tb_periode`
--

INSERT INTO `tb_periode` (`id`, `tahun`, `status`) VALUES
(1, 2021, '1'),
(2, 2022, '0');

-- --------------------------------------------------------

--
-- Table structure for table `tb_rel_alternatif`
--

CREATE TABLE `tb_rel_alternatif` (
  `ID` int(11) NOT NULL,
  `kode1` varchar(16) DEFAULT NULL,
  `kode2` varchar(16) DEFAULT NULL,
  `kode_kriteria` varchar(16) DEFAULT NULL,
  `nilai` double DEFAULT NULL
) ENGINE=MyISAM DEFAULT CHARSET=latin1;

--
-- Dumping data for table `tb_rel_alternatif`
--

INSERT INTO `tb_rel_alternatif` (`ID`, `kode1`, `kode2`, `kode_kriteria`, `nilai`) VALUES
(303, 'A02', 'A03', 'C02', 3),
(302, 'A02', 'A02', 'C02', 1),
(301, 'A02', 'A01', 'C02', 0.3333333333333333),
(323, 'A01', 'A03', 'C03', 0.1111111111111111),
(322, 'A01', 'A02', 'C03', 0.2),
(298, 'A01', 'A03', 'C02', 4),
(297, 'A01', 'A02', 'C02', 3),
(296, 'A01', 'A01', 'C02', 1),
(321, 'A01', 'A01', 'C03', 1),
(283, 'A03', 'A03', 'C01', 1),
(282, 'A03', 'A02', 'C01', 0.5),
(281, 'A03', 'A01', 'C01', 0.3333333333333333),
(333, 'A03', 'A03', 'C03', 1),
(332, 'A03', 'A02', 'C03', 4),
(331, 'A03', 'A01', 'C03', 9),
(328, 'A02', 'A03', 'C03', 0.25),
(327, 'A02', 'A02', 'C03', 1),
(326, 'A02', 'A01', 'C03', 5),
(308, 'A03', 'A03', 'C02', 1),
(307, 'A03', 'A02', 'C02', 0.3333333333333333),
(306, 'A03', 'A01', 'C02', 0.25),
(278, 'A02', 'A03', 'C01', 2),
(277, 'A02', 'A02', 'C01', 1),
(276, 'A02', 'A01', 'C01', 0.5),
(273, 'A01', 'A03', 'C01', 3),
(272, 'A01', 'A02', 'C01', 2),
(271, 'A01', 'A01', 'C01', 1),
(725, 'A03', 'A03', 'C04', 1),
(724, 'A03', 'A02', 'C04', 1),
(723, 'A03', 'A01', 'C04', 1),
(722, 'A02', 'A03', 'C04', 1),
(721, 'A02', 'A02', 'C04', 1),
(717, 'A01', 'A01', 'C04', 1),
(718, 'A01', 'A02', 'C04', 1),
(719, 'A01', 'A03', 'C04', 1),
(720, 'A02', 'A01', 'C04', 1),
(843, 'A07', 'A01', 'C01', 1),
(844, 'A07', 'A02', 'C01', 1),
(845, 'A07', 'A03', 'C01', 1),
(849, 'A07', 'A07', 'C01', 1),
(850, 'A01', 'A07', 'C01', 1),
(851, 'A02', 'A07', 'C01', 1),
(852, 'A03', 'A07', 'C01', 1),
(856, 'A07', 'A01', 'C02', 1),
(857, 'A07', 'A02', 'C02', 1),
(858, 'A07', 'A03', 'C02', 1),
(862, 'A07', 'A07', 'C02', 1),
(863, 'A01', 'A07', 'C02', 1),
(864, 'A02', 'A07', 'C02', 1),
(865, 'A03', 'A07', 'C02', 1),
(869, 'A07', 'A01', 'C03', 1),
(870, 'A07', 'A02', 'C03', 1),
(871, 'A07', 'A03', 'C03', 1),
(875, 'A07', 'A07', 'C03', 1),
(876, 'A01', 'A07', 'C03', 1),
(877, 'A02', 'A07', 'C03', 1),
(878, 'A03', 'A07', 'C03', 1),
(882, 'A07', 'A01', 'C04', 1),
(883, 'A07', 'A02', 'C04', 1),
(884, 'A07', 'A03', 'C04', 1),
(888, 'A07', 'A07', 'C04', 1),
(889, 'A01', 'A07', 'C04', 1),
(890, 'A02', 'A07', 'C04', 1),
(891, 'A03', 'A07', 'C04', 1),
(895, 'A08', 'A01', 'C01', 1),
(896, 'A08', 'A02', 'C01', 1),
(897, 'A08', 'A03', 'C01', 1),
(901, 'A08', 'A07', 'C01', 0.3333333333333333),
(902, 'A08', 'A08', 'C01', 1),
(903, 'A01', 'A08', 'C01', 1),
(904, 'A02', 'A08', 'C01', 1),
(905, 'A03', 'A08', 'C01', 1),
(909, 'A07', 'A08', 'C01', 3),
(910, 'A08', 'A01', 'C02', 1),
(911, 'A08', 'A02', 'C02', 1),
(912, 'A08', 'A03', 'C02', 1),
(916, 'A08', 'A07', 'C02', 1),
(917, 'A08', 'A08', 'C02', 1),
(918, 'A01', 'A08', 'C02', 1),
(919, 'A02', 'A08', 'C02', 1),
(920, 'A03', 'A08', 'C02', 1),
(924, 'A07', 'A08', 'C02', 1),
(925, 'A08', 'A01', 'C03', 1),
(926, 'A08', 'A02', 'C03', 1),
(927, 'A08', 'A03', 'C03', 1),
(931, 'A08', 'A07', 'C03', 1),
(932, 'A08', 'A08', 'C03', 1),
(933, 'A01', 'A08', 'C03', 1),
(934, 'A02', 'A08', 'C03', 1),
(935, 'A03', 'A08', 'C03', 1),
(939, 'A07', 'A08', 'C03', 1),
(940, 'A08', 'A01', 'C04', 1),
(941, 'A08', 'A02', 'C04', 1),
(942, 'A08', 'A03', 'C04', 1),
(946, 'A08', 'A07', 'C04', 1),
(947, 'A08', 'A08', 'C04', 1),
(948, 'A01', 'A08', 'C04', 1),
(949, 'A02', 'A08', 'C04', 1),
(950, 'A03', 'A08', 'C04', 1),
(954, 'A07', 'A08', 'C04', 1),
(955, 'A09', 'A01', 'C01', 1),
(956, 'A09', 'A02', 'C01', 1),
(957, 'A09', 'A03', 'C01', 1),
(961, 'A09', 'A07', 'C01', 1),
(962, 'A09', 'A08', 'C01', 0.2),
(963, 'A09', 'A09', 'C01', 1),
(964, 'A01', 'A09', 'C01', 1),
(965, 'A02', 'A09', 'C01', 1),
(966, 'A03', 'A09', 'C01', 1),
(970, 'A07', 'A09', 'C01', 1),
(971, 'A08', 'A09', 'C01', 5),
(972, 'A09', 'A01', 'C02', 1),
(973, 'A09', 'A02', 'C02', 1),
(974, 'A09', 'A03', 'C02', 1),
(978, 'A09', 'A07', 'C02', 1),
(979, 'A09', 'A08', 'C02', 1),
(980, 'A09', 'A09', 'C02', 1),
(981, 'A01', 'A09', 'C02', 1),
(982, 'A02', 'A09', 'C02', 1),
(983, 'A03', 'A09', 'C02', 1),
(987, 'A07', 'A09', 'C02', 1),
(988, 'A08', 'A09', 'C02', 1),
(989, 'A09', 'A01', 'C03', 1),
(990, 'A09', 'A02', 'C03', 1),
(991, 'A09', 'A03', 'C03', 1),
(995, 'A09', 'A07', 'C03', 1),
(996, 'A09', 'A08', 'C03', 1),
(997, 'A09', 'A09', 'C03', 1),
(998, 'A01', 'A09', 'C03', 1),
(999, 'A02', 'A09', 'C03', 1),
(1000, 'A03', 'A09', 'C03', 1),
(1004, 'A07', 'A09', 'C03', 1),
(1005, 'A08', 'A09', 'C03', 1),
(1006, 'A09', 'A01', 'C04', 1),
(1007, 'A09', 'A02', 'C04', 1),
(1008, 'A09', 'A03', 'C04', 1),
(1012, 'A09', 'A07', 'C04', 1),
(1013, 'A09', 'A08', 'C04', 1),
(1014, 'A09', 'A09', 'C04', 1),
(1015, 'A01', 'A09', 'C04', 1),
(1016, 'A02', 'A09', 'C04', 1),
(1017, 'A03', 'A09', 'C04', 1),
(1021, 'A07', 'A09', 'C04', 1),
(1022, 'A08', 'A09', 'C04', 1),
(1023, 'A10', 'A01', 'C01', 1),
(1024, 'A10', 'A02', 'C01', 1),
(1025, 'A10', 'A03', 'C01', 1),
(1029, 'A10', 'A07', 'C01', 1),
(1030, 'A10', 'A08', 'C01', 1),
(1031, 'A10', 'A09', 'C01', 1),
(1032, 'A10', 'A10', 'C01', 1),
(1033, 'A01', 'A10', 'C01', 1),
(1034, 'A02', 'A10', 'C01', 1),
(1035, 'A03', 'A10', 'C01', 1),
(1039, 'A07', 'A10', 'C01', 1),
(1040, 'A08', 'A10', 'C01', 1),
(1041, 'A09', 'A10', 'C01', 1),
(1042, 'A10', 'A01', 'C02', 1),
(1043, 'A10', 'A02', 'C02', 1),
(1044, 'A10', 'A03', 'C02', 1),
(1048, 'A10', 'A07', 'C02', 1),
(1049, 'A10', 'A08', 'C02', 1),
(1050, 'A10', 'A09', 'C02', 1),
(1051, 'A10', 'A10', 'C02', 1),
(1052, 'A01', 'A10', 'C02', 1),
(1053, 'A02', 'A10', 'C02', 1),
(1054, 'A03', 'A10', 'C02', 1),
(1058, 'A07', 'A10', 'C02', 1),
(1059, 'A08', 'A10', 'C02', 1),
(1060, 'A09', 'A10', 'C02', 1),
(1061, 'A10', 'A01', 'C03', 1),
(1062, 'A10', 'A02', 'C03', 1),
(1063, 'A10', 'A03', 'C03', 1),
(1067, 'A10', 'A07', 'C03', 1),
(1068, 'A10', 'A08', 'C03', 1),
(1069, 'A10', 'A09', 'C03', 1),
(1070, 'A10', 'A10', 'C03', 1),
(1071, 'A01', 'A10', 'C03', 1),
(1072, 'A02', 'A10', 'C03', 1),
(1073, 'A03', 'A10', 'C03', 1),
(1077, 'A07', 'A10', 'C03', 1),
(1078, 'A08', 'A10', 'C03', 1),
(1079, 'A09', 'A10', 'C03', 1),
(1080, 'A10', 'A01', 'C04', 1),
(1081, 'A10', 'A02', 'C04', 1),
(1082, 'A10', 'A03', 'C04', 1),
(1086, 'A10', 'A07', 'C04', 1),
(1087, 'A10', 'A08', 'C04', 1),
(1088, 'A10', 'A09', 'C04', 1),
(1089, 'A10', 'A10', 'C04', 1),
(1090, 'A01', 'A10', 'C04', 1),
(1091, 'A02', 'A10', 'C04', 1),
(1092, 'A03', 'A10', 'C04', 1),
(1096, 'A07', 'A10', 'C04', 1),
(1097, 'A08', 'A10', 'C04', 1),
(1098, 'A09', 'A10', 'C04', 1),
(1099, 'A11', 'A01', 'C01', 1),
(1100, 'A11', 'A02', 'C01', 1),
(1101, 'A11', 'A03', 'C01', 1),
(1105, 'A11', 'A07', 'C01', 1),
(1106, 'A11', 'A08', 'C01', 1),
(1107, 'A11', 'A09', 'C01', 1),
(1108, 'A11', 'A10', 'C01', 0.2),
(1109, 'A11', 'A11', 'C01', 1),
(1110, 'A01', 'A11', 'C01', 1),
(1111, 'A02', 'A11', 'C01', 1),
(1112, 'A03', 'A11', 'C01', 1),
(1116, 'A07', 'A11', 'C01', 1),
(1117, 'A08', 'A11', 'C01', 1),
(1118, 'A09', 'A11', 'C01', 1),
(1119, 'A10', 'A11', 'C01', 5),
(1120, 'A11', 'A01', 'C02', 1),
(1121, 'A11', 'A02', 'C02', 1),
(1122, 'A11', 'A03', 'C02', 1),
(1126, 'A11', 'A07', 'C02', 1),
(1127, 'A11', 'A08', 'C02', 1),
(1128, 'A11', 'A09', 'C02', 1),
(1129, 'A11', 'A10', 'C02', 1),
(1130, 'A11', 'A11', 'C02', 1),
(1131, 'A01', 'A11', 'C02', 1),
(1132, 'A02', 'A11', 'C02', 1),
(1133, 'A03', 'A11', 'C02', 1),
(1137, 'A07', 'A11', 'C02', 1),
(1138, 'A08', 'A11', 'C02', 1),
(1139, 'A09', 'A11', 'C02', 1),
(1140, 'A10', 'A11', 'C02', 1),
(1141, 'A11', 'A01', 'C03', 1),
(1142, 'A11', 'A02', 'C03', 1),
(1143, 'A11', 'A03', 'C03', 1),
(1147, 'A11', 'A07', 'C03', 1),
(1148, 'A11', 'A08', 'C03', 1),
(1149, 'A11', 'A09', 'C03', 1),
(1150, 'A11', 'A10', 'C03', 1),
(1151, 'A11', 'A11', 'C03', 1),
(1152, 'A01', 'A11', 'C03', 1),
(1153, 'A02', 'A11', 'C03', 1),
(1154, 'A03', 'A11', 'C03', 1),
(1158, 'A07', 'A11', 'C03', 1),
(1159, 'A08', 'A11', 'C03', 1),
(1160, 'A09', 'A11', 'C03', 1),
(1161, 'A10', 'A11', 'C03', 1),
(1162, 'A11', 'A01', 'C04', 1),
(1163, 'A11', 'A02', 'C04', 1),
(1164, 'A11', 'A03', 'C04', 1),
(1168, 'A11', 'A07', 'C04', 1),
(1169, 'A11', 'A08', 'C04', 1),
(1170, 'A11', 'A09', 'C04', 1),
(1171, 'A11', 'A10', 'C04', 1),
(1172, 'A11', 'A11', 'C04', 1),
(1173, 'A01', 'A11', 'C04', 1),
(1174, 'A02', 'A11', 'C04', 1),
(1175, 'A03', 'A11', 'C04', 1),
(1179, 'A07', 'A11', 'C04', 1),
(1180, 'A08', 'A11', 'C04', 1),
(1181, 'A09', 'A11', 'C04', 1),
(1182, 'A10', 'A11', 'C04', 1),
(1183, 'A12', 'A01', 'C01', 1),
(1184, 'A12', 'A02', 'C01', 1),
(1185, 'A12', 'A03', 'C01', 1),
(1189, 'A12', 'A07', 'C01', 1),
(1190, 'A12', 'A08', 'C01', 1),
(1191, 'A12', 'A09', 'C01', 1),
(1192, 'A12', 'A10', 'C01', 0.2),
(1193, 'A12', 'A11', 'C01', 1),
(1194, 'A12', 'A12', 'C01', 1),
(1195, 'A01', 'A12', 'C01', 1),
(1196, 'A02', 'A12', 'C01', 1),
(1197, 'A03', 'A12', 'C01', 1),
(1201, 'A07', 'A12', 'C01', 1),
(1202, 'A08', 'A12', 'C01', 1),
(1203, 'A09', 'A12', 'C01', 1),
(1204, 'A10', 'A12', 'C01', 5),
(1205, 'A11', 'A12', 'C01', 1),
(1206, 'A12', 'A01', 'C02', 1),
(1207, 'A12', 'A02', 'C02', 1),
(1208, 'A12', 'A03', 'C02', 1),
(1212, 'A12', 'A07', 'C02', 1),
(1213, 'A12', 'A08', 'C02', 1),
(1214, 'A12', 'A09', 'C02', 1),
(1215, 'A12', 'A10', 'C02', 1),
(1216, 'A12', 'A11', 'C02', 1),
(1217, 'A12', 'A12', 'C02', 1),
(1218, 'A01', 'A12', 'C02', 1),
(1219, 'A02', 'A12', 'C02', 1),
(1220, 'A03', 'A12', 'C02', 1),
(1224, 'A07', 'A12', 'C02', 1),
(1225, 'A08', 'A12', 'C02', 1),
(1226, 'A09', 'A12', 'C02', 1),
(1227, 'A10', 'A12', 'C02', 1),
(1228, 'A11', 'A12', 'C02', 1),
(1229, 'A12', 'A01', 'C03', 1),
(1230, 'A12', 'A02', 'C03', 1),
(1231, 'A12', 'A03', 'C03', 1),
(1235, 'A12', 'A07', 'C03', 1),
(1236, 'A12', 'A08', 'C03', 1),
(1237, 'A12', 'A09', 'C03', 1),
(1238, 'A12', 'A10', 'C03', 1),
(1239, 'A12', 'A11', 'C03', 1),
(1240, 'A12', 'A12', 'C03', 1),
(1241, 'A01', 'A12', 'C03', 1),
(1242, 'A02', 'A12', 'C03', 1),
(1243, 'A03', 'A12', 'C03', 1),
(1247, 'A07', 'A12', 'C03', 1),
(1248, 'A08', 'A12', 'C03', 1),
(1249, 'A09', 'A12', 'C03', 1),
(1250, 'A10', 'A12', 'C03', 1),
(1251, 'A11', 'A12', 'C03', 1),
(1252, 'A12', 'A01', 'C04', 1),
(1253, 'A12', 'A02', 'C04', 1),
(1254, 'A12', 'A03', 'C04', 1),
(1258, 'A12', 'A07', 'C04', 1),
(1259, 'A12', 'A08', 'C04', 1),
(1260, 'A12', 'A09', 'C04', 1),
(1261, 'A12', 'A10', 'C04', 1),
(1262, 'A12', 'A11', 'C04', 1),
(1263, 'A12', 'A12', 'C04', 1),
(1264, 'A01', 'A12', 'C04', 1),
(1265, 'A02', 'A12', 'C04', 1),
(1266, 'A03', 'A12', 'C04', 1),
(1270, 'A07', 'A12', 'C04', 1),
(1271, 'A08', 'A12', 'C04', 1),
(1272, 'A09', 'A12', 'C04', 1),
(1273, 'A10', 'A12', 'C04', 1),
(1274, 'A11', 'A12', 'C04', 1),
(1275, 'A01', 'A01', 'C05', 1),
(1276, 'A01', 'A02', 'C05', 1),
(1277, 'A01', 'A03', 'C05', 1),
(1281, 'A01', 'A07', 'C05', 1),
(1282, 'A01', 'A08', 'C05', 1),
(1283, 'A01', 'A09', 'C05', 1),
(1284, 'A01', 'A10', 'C05', 1),
(1285, 'A01', 'A11', 'C05', 1),
(1286, 'A01', 'A12', 'C05', 1),
(1287, 'A02', 'A01', 'C05', 1),
(1288, 'A02', 'A02', 'C05', 1),
(1289, 'A02', 'A03', 'C05', 1),
(1293, 'A02', 'A07', 'C05', 1),
(1294, 'A02', 'A08', 'C05', 1),
(1295, 'A02', 'A09', 'C05', 1),
(1296, 'A02', 'A10', 'C05', 1),
(1297, 'A02', 'A11', 'C05', 1),
(1298, 'A02', 'A12', 'C05', 1),
(1299, 'A03', 'A01', 'C05', 1),
(1300, 'A03', 'A02', 'C05', 1),
(1301, 'A03', 'A03', 'C05', 1),
(1305, 'A03', 'A07', 'C05', 1),
(1306, 'A03', 'A08', 'C05', 1),
(1307, 'A03', 'A09', 'C05', 1),
(1308, 'A03', 'A10', 'C05', 1),
(1309, 'A03', 'A11', 'C05', 1),
(1310, 'A03', 'A12', 'C05', 1),
(1347, 'A07', 'A01', 'C05', 1),
(1348, 'A07', 'A02', 'C05', 1),
(1349, 'A07', 'A03', 'C05', 1),
(1353, 'A07', 'A07', 'C05', 1),
(1354, 'A07', 'A08', 'C05', 1),
(1355, 'A07', 'A09', 'C05', 1),
(1356, 'A07', 'A10', 'C05', 1),
(1357, 'A07', 'A11', 'C05', 1),
(1358, 'A07', 'A12', 'C05', 1),
(1359, 'A08', 'A01', 'C05', 1),
(1360, 'A08', 'A02', 'C05', 1),
(1361, 'A08', 'A03', 'C05', 1),
(1365, 'A08', 'A07', 'C05', 1),
(1366, 'A08', 'A08', 'C05', 1),
(1367, 'A08', 'A09', 'C05', 1),
(1368, 'A08', 'A10', 'C05', 1),
(1369, 'A08', 'A11', 'C05', 1),
(1370, 'A08', 'A12', 'C05', 1),
(1371, 'A09', 'A01', 'C05', 1),
(1372, 'A09', 'A02', 'C05', 1),
(1373, 'A09', 'A03', 'C05', 1),
(1377, 'A09', 'A07', 'C05', 1),
(1378, 'A09', 'A08', 'C05', 1),
(1379, 'A09', 'A09', 'C05', 1),
(1380, 'A09', 'A10', 'C05', 1),
(1381, 'A09', 'A11', 'C05', 1),
(1382, 'A09', 'A12', 'C05', 1),
(1383, 'A10', 'A01', 'C05', 1),
(1384, 'A10', 'A02', 'C05', 1),
(1385, 'A10', 'A03', 'C05', 1),
(1389, 'A10', 'A07', 'C05', 1),
(1390, 'A10', 'A08', 'C05', 1),
(1391, 'A10', 'A09', 'C05', 1),
(1392, 'A10', 'A10', 'C05', 1),
(1393, 'A10', 'A11', 'C05', 1),
(1394, 'A10', 'A12', 'C05', 1),
(1395, 'A11', 'A01', 'C05', 1),
(1396, 'A11', 'A02', 'C05', 1),
(1397, 'A11', 'A03', 'C05', 1),
(1401, 'A11', 'A07', 'C05', 1),
(1402, 'A11', 'A08', 'C05', 1),
(1403, 'A11', 'A09', 'C05', 1),
(1404, 'A11', 'A10', 'C05', 1),
(1405, 'A11', 'A11', 'C05', 1),
(1406, 'A11', 'A12', 'C05', 1),
(1407, 'A12', 'A01', 'C05', 1),
(1408, 'A12', 'A02', 'C05', 1),
(1409, 'A12', 'A03', 'C05', 1),
(1413, 'A12', 'A07', 'C05', 1),
(1414, 'A12', 'A08', 'C05', 1),
(1415, 'A12', 'A09', 'C05', 1),
(1416, 'A12', 'A10', 'C05', 1),
(1417, 'A12', 'A11', 'C05', 1),
(1418, 'A12', 'A12', 'C05', 1),
(1419, 'A01', 'A01', 'C06', 1),
(1420, 'A01', 'A02', 'C06', 1),
(1421, 'A01', 'A03', 'C06', 1),
(1425, 'A01', 'A07', 'C06', 1),
(1426, 'A01', 'A08', 'C06', 1),
(1427, 'A01', 'A09', 'C06', 1),
(1428, 'A01', 'A10', 'C06', 1),
(1429, 'A01', 'A11', 'C06', 1),
(1430, 'A01', 'A12', 'C06', 1),
(1431, 'A02', 'A01', 'C06', 1),
(1432, 'A02', 'A02', 'C06', 1),
(1433, 'A02', 'A03', 'C06', 1),
(1437, 'A02', 'A07', 'C06', 1),
(1438, 'A02', 'A08', 'C06', 1),
(1439, 'A02', 'A09', 'C06', 1),
(1440, 'A02', 'A10', 'C06', 1),
(1441, 'A02', 'A11', 'C06', 1),
(1442, 'A02', 'A12', 'C06', 1),
(1443, 'A03', 'A01', 'C06', 1),
(1444, 'A03', 'A02', 'C06', 1),
(1445, 'A03', 'A03', 'C06', 1),
(1449, 'A03', 'A07', 'C06', 1),
(1450, 'A03', 'A08', 'C06', 1),
(1451, 'A03', 'A09', 'C06', 1),
(1452, 'A03', 'A10', 'C06', 1),
(1453, 'A03', 'A11', 'C06', 1),
(1454, 'A03', 'A12', 'C06', 1),
(1491, 'A07', 'A01', 'C06', 1),
(1492, 'A07', 'A02', 'C06', 1),
(1493, 'A07', 'A03', 'C06', 1),
(1497, 'A07', 'A07', 'C06', 1),
(1498, 'A07', 'A08', 'C06', 1),
(1499, 'A07', 'A09', 'C06', 1),
(1500, 'A07', 'A10', 'C06', 1),
(1501, 'A07', 'A11', 'C06', 1),
(1502, 'A07', 'A12', 'C06', 1),
(1503, 'A08', 'A01', 'C06', 1),
(1504, 'A08', 'A02', 'C06', 1),
(1505, 'A08', 'A03', 'C06', 1),
(1509, 'A08', 'A07', 'C06', 1),
(1510, 'A08', 'A08', 'C06', 1),
(1511, 'A08', 'A09', 'C06', 1),
(1512, 'A08', 'A10', 'C06', 1),
(1513, 'A08', 'A11', 'C06', 1),
(1514, 'A08', 'A12', 'C06', 1),
(1515, 'A09', 'A01', 'C06', 1),
(1516, 'A09', 'A02', 'C06', 1),
(1517, 'A09', 'A03', 'C06', 1),
(1521, 'A09', 'A07', 'C06', 1),
(1522, 'A09', 'A08', 'C06', 1),
(1523, 'A09', 'A09', 'C06', 1),
(1524, 'A09', 'A10', 'C06', 1),
(1525, 'A09', 'A11', 'C06', 1),
(1526, 'A09', 'A12', 'C06', 1),
(1527, 'A10', 'A01', 'C06', 1),
(1528, 'A10', 'A02', 'C06', 1),
(1529, 'A10', 'A03', 'C06', 1),
(1533, 'A10', 'A07', 'C06', 1),
(1534, 'A10', 'A08', 'C06', 1),
(1535, 'A10', 'A09', 'C06', 1),
(1536, 'A10', 'A10', 'C06', 1),
(1537, 'A10', 'A11', 'C06', 1),
(1538, 'A10', 'A12', 'C06', 1),
(1539, 'A11', 'A01', 'C06', 1),
(1540, 'A11', 'A02', 'C06', 1),
(1541, 'A11', 'A03', 'C06', 1),
(1545, 'A11', 'A07', 'C06', 1),
(1546, 'A11', 'A08', 'C06', 1),
(1547, 'A11', 'A09', 'C06', 1),
(1548, 'A11', 'A10', 'C06', 1),
(1549, 'A11', 'A11', 'C06', 1),
(1550, 'A11', 'A12', 'C06', 1),
(1551, 'A12', 'A01', 'C06', 1),
(1552, 'A12', 'A02', 'C06', 1),
(1553, 'A12', 'A03', 'C06', 1),
(1557, 'A12', 'A07', 'C06', 1),
(1558, 'A12', 'A08', 'C06', 1),
(1559, 'A12', 'A09', 'C06', 1),
(1560, 'A12', 'A10', 'C06', 1),
(1561, 'A12', 'A11', 'C06', 1),
(1562, 'A12', 'A12', 'C06', 1),
(1563, 'A01', 'A01', 'C07', 1),
(1564, 'A01', 'A02', 'C07', 1),
(1565, 'A01', 'A03', 'C07', 1),
(1569, 'A01', 'A07', 'C07', 1),
(1570, 'A01', 'A08', 'C07', 1),
(1571, 'A01', 'A09', 'C07', 1),
(1572, 'A01', 'A10', 'C07', 1),
(1573, 'A01', 'A11', 'C07', 1),
(1574, 'A01', 'A12', 'C07', 1),
(1575, 'A02', 'A01', 'C07', 1),
(1576, 'A02', 'A02', 'C07', 1),
(1577, 'A02', 'A03', 'C07', 1),
(1581, 'A02', 'A07', 'C07', 1),
(1582, 'A02', 'A08', 'C07', 1),
(1583, 'A02', 'A09', 'C07', 1),
(1584, 'A02', 'A10', 'C07', 1),
(1585, 'A02', 'A11', 'C07', 1),
(1586, 'A02', 'A12', 'C07', 1),
(1587, 'A03', 'A01', 'C07', 1),
(1588, 'A03', 'A02', 'C07', 1),
(1589, 'A03', 'A03', 'C07', 1),
(1593, 'A03', 'A07', 'C07', 1),
(1594, 'A03', 'A08', 'C07', 1),
(1595, 'A03', 'A09', 'C07', 1),
(1596, 'A03', 'A10', 'C07', 1),
(1597, 'A03', 'A11', 'C07', 1),
(1598, 'A03', 'A12', 'C07', 1),
(1635, 'A07', 'A01', 'C07', 1),
(1636, 'A07', 'A02', 'C07', 1),
(1637, 'A07', 'A03', 'C07', 1),
(1641, 'A07', 'A07', 'C07', 1),
(1642, 'A07', 'A08', 'C07', 1),
(1643, 'A07', 'A09', 'C07', 1),
(1644, 'A07', 'A10', 'C07', 1),
(1645, 'A07', 'A11', 'C07', 1),
(1646, 'A07', 'A12', 'C07', 1),
(1647, 'A08', 'A01', 'C07', 1),
(1648, 'A08', 'A02', 'C07', 1),
(1649, 'A08', 'A03', 'C07', 1),
(1653, 'A08', 'A07', 'C07', 1),
(1654, 'A08', 'A08', 'C07', 1),
(1655, 'A08', 'A09', 'C07', 1),
(1656, 'A08', 'A10', 'C07', 1),
(1657, 'A08', 'A11', 'C07', 1),
(1658, 'A08', 'A12', 'C07', 1),
(1659, 'A09', 'A01', 'C07', 1),
(1660, 'A09', 'A02', 'C07', 1),
(1661, 'A09', 'A03', 'C07', 1),
(1665, 'A09', 'A07', 'C07', 1),
(1666, 'A09', 'A08', 'C07', 1),
(1667, 'A09', 'A09', 'C07', 1),
(1668, 'A09', 'A10', 'C07', 1),
(1669, 'A09', 'A11', 'C07', 1),
(1670, 'A09', 'A12', 'C07', 1),
(1671, 'A10', 'A01', 'C07', 1),
(1672, 'A10', 'A02', 'C07', 1),
(1673, 'A10', 'A03', 'C07', 1),
(1677, 'A10', 'A07', 'C07', 1),
(1678, 'A10', 'A08', 'C07', 1),
(1679, 'A10', 'A09', 'C07', 1),
(1680, 'A10', 'A10', 'C07', 1),
(1681, 'A10', 'A11', 'C07', 1),
(1682, 'A10', 'A12', 'C07', 1),
(1683, 'A11', 'A01', 'C07', 1),
(1684, 'A11', 'A02', 'C07', 1),
(1685, 'A11', 'A03', 'C07', 1),
(1689, 'A11', 'A07', 'C07', 1),
(1690, 'A11', 'A08', 'C07', 1),
(1691, 'A11', 'A09', 'C07', 1),
(1692, 'A11', 'A10', 'C07', 1),
(1693, 'A11', 'A11', 'C07', 1),
(1694, 'A11', 'A12', 'C07', 1),
(1695, 'A12', 'A01', 'C07', 1),
(1696, 'A12', 'A02', 'C07', 1),
(1697, 'A12', 'A03', 'C07', 1),
(1701, 'A12', 'A07', 'C07', 1),
(1702, 'A12', 'A08', 'C07', 1),
(1703, 'A12', 'A09', 'C07', 1),
(1704, 'A12', 'A10', 'C07', 1),
(1705, 'A12', 'A11', 'C07', 1),
(1706, 'A12', 'A12', 'C07', 1),
(1707, 'A01', 'A01', 'C08', 1),
(1708, 'A01', 'A02', 'C08', 1),
(1709, 'A01', 'A03', 'C08', 1),
(1713, 'A01', 'A07', 'C08', 1),
(1714, 'A01', 'A08', 'C08', 1),
(1715, 'A01', 'A09', 'C08', 1),
(1716, 'A01', 'A10', 'C08', 1),
(1717, 'A01', 'A11', 'C08', 1),
(1718, 'A01', 'A12', 'C08', 1),
(1719, 'A02', 'A01', 'C08', 1),
(1720, 'A02', 'A02', 'C08', 1),
(1721, 'A02', 'A03', 'C08', 1),
(1725, 'A02', 'A07', 'C08', 1),
(1726, 'A02', 'A08', 'C08', 1),
(1727, 'A02', 'A09', 'C08', 1),
(1728, 'A02', 'A10', 'C08', 1),
(1729, 'A02', 'A11', 'C08', 1),
(1730, 'A02', 'A12', 'C08', 1),
(1731, 'A03', 'A01', 'C08', 1),
(1732, 'A03', 'A02', 'C08', 1),
(1733, 'A03', 'A03', 'C08', 1),
(1737, 'A03', 'A07', 'C08', 1),
(1738, 'A03', 'A08', 'C08', 1),
(1739, 'A03', 'A09', 'C08', 1),
(1740, 'A03', 'A10', 'C08', 1),
(1741, 'A03', 'A11', 'C08', 1),
(1742, 'A03', 'A12', 'C08', 1),
(1779, 'A07', 'A01', 'C08', 1),
(1780, 'A07', 'A02', 'C08', 1),
(1781, 'A07', 'A03', 'C08', 1),
(1785, 'A07', 'A07', 'C08', 1),
(1786, 'A07', 'A08', 'C08', 1),
(1787, 'A07', 'A09', 'C08', 1),
(1788, 'A07', 'A10', 'C08', 1),
(1789, 'A07', 'A11', 'C08', 1),
(1790, 'A07', 'A12', 'C08', 1),
(1791, 'A08', 'A01', 'C08', 1),
(1792, 'A08', 'A02', 'C08', 1),
(1793, 'A08', 'A03', 'C08', 1),
(1797, 'A08', 'A07', 'C08', 1),
(1798, 'A08', 'A08', 'C08', 1),
(1799, 'A08', 'A09', 'C08', 1),
(1800, 'A08', 'A10', 'C08', 1),
(1801, 'A08', 'A11', 'C08', 1),
(1802, 'A08', 'A12', 'C08', 1),
(1803, 'A09', 'A01', 'C08', 1),
(1804, 'A09', 'A02', 'C08', 1),
(1805, 'A09', 'A03', 'C08', 1),
(1809, 'A09', 'A07', 'C08', 1),
(1810, 'A09', 'A08', 'C08', 1),
(1811, 'A09', 'A09', 'C08', 1),
(1812, 'A09', 'A10', 'C08', 1),
(1813, 'A09', 'A11', 'C08', 1),
(1814, 'A09', 'A12', 'C08', 1),
(1815, 'A10', 'A01', 'C08', 1),
(1816, 'A10', 'A02', 'C08', 1),
(1817, 'A10', 'A03', 'C08', 1),
(1821, 'A10', 'A07', 'C08', 1),
(1822, 'A10', 'A08', 'C08', 1),
(1823, 'A10', 'A09', 'C08', 1),
(1824, 'A10', 'A10', 'C08', 1),
(1825, 'A10', 'A11', 'C08', 1),
(1826, 'A10', 'A12', 'C08', 1),
(1827, 'A11', 'A01', 'C08', 1),
(1828, 'A11', 'A02', 'C08', 1),
(1829, 'A11', 'A03', 'C08', 1),
(1833, 'A11', 'A07', 'C08', 1),
(1834, 'A11', 'A08', 'C08', 1),
(1835, 'A11', 'A09', 'C08', 1),
(1836, 'A11', 'A10', 'C08', 1),
(1837, 'A11', 'A11', 'C08', 1),
(1838, 'A11', 'A12', 'C08', 1),
(1839, 'A12', 'A01', 'C08', 1),
(1840, 'A12', 'A02', 'C08', 1),
(1841, 'A12', 'A03', 'C08', 1),
(1845, 'A12', 'A07', 'C08', 1),
(1846, 'A12', 'A08', 'C08', 1),
(1847, 'A12', 'A09', 'C08', 1),
(1848, 'A12', 'A10', 'C08', 1),
(1849, 'A12', 'A11', 'C08', 1),
(1850, 'A12', 'A12', 'C08', 1),
(1851, 'A01', 'A01', 'C09', 1),
(1852, 'A01', 'A02', 'C09', 1),
(1853, 'A01', 'A03', 'C09', 1),
(1857, 'A01', 'A07', 'C09', 1),
(1858, 'A01', 'A08', 'C09', 1),
(1859, 'A01', 'A09', 'C09', 1),
(1860, 'A01', 'A10', 'C09', 1),
(1861, 'A01', 'A11', 'C09', 1),
(1862, 'A01', 'A12', 'C09', 1),
(1863, 'A02', 'A01', 'C09', 1),
(1864, 'A02', 'A02', 'C09', 1),
(1865, 'A02', 'A03', 'C09', 1),
(1869, 'A02', 'A07', 'C09', 1),
(1870, 'A02', 'A08', 'C09', 1),
(1871, 'A02', 'A09', 'C09', 1),
(1872, 'A02', 'A10', 'C09', 1),
(1873, 'A02', 'A11', 'C09', 1),
(1874, 'A02', 'A12', 'C09', 1),
(1875, 'A03', 'A01', 'C09', 1),
(1876, 'A03', 'A02', 'C09', 1),
(1877, 'A03', 'A03', 'C09', 1),
(1881, 'A03', 'A07', 'C09', 1),
(1882, 'A03', 'A08', 'C09', 1),
(1883, 'A03', 'A09', 'C09', 1),
(1884, 'A03', 'A10', 'C09', 1),
(1885, 'A03', 'A11', 'C09', 1),
(1886, 'A03', 'A12', 'C09', 1),
(1923, 'A07', 'A01', 'C09', 1),
(1924, 'A07', 'A02', 'C09', 1),
(1925, 'A07', 'A03', 'C09', 1),
(1929, 'A07', 'A07', 'C09', 1),
(1930, 'A07', 'A08', 'C09', 1),
(1931, 'A07', 'A09', 'C09', 1),
(1932, 'A07', 'A10', 'C09', 1),
(1933, 'A07', 'A11', 'C09', 1),
(1934, 'A07', 'A12', 'C09', 1),
(1935, 'A08', 'A01', 'C09', 1),
(1936, 'A08', 'A02', 'C09', 1),
(1937, 'A08', 'A03', 'C09', 1),
(1941, 'A08', 'A07', 'C09', 1),
(1942, 'A08', 'A08', 'C09', 1),
(1943, 'A08', 'A09', 'C09', 1),
(1944, 'A08', 'A10', 'C09', 1),
(1945, 'A08', 'A11', 'C09', 1),
(1946, 'A08', 'A12', 'C09', 1),
(1947, 'A09', 'A01', 'C09', 1),
(1948, 'A09', 'A02', 'C09', 1),
(1949, 'A09', 'A03', 'C09', 1),
(1953, 'A09', 'A07', 'C09', 1),
(1954, 'A09', 'A08', 'C09', 1),
(1955, 'A09', 'A09', 'C09', 1),
(1956, 'A09', 'A10', 'C09', 1),
(1957, 'A09', 'A11', 'C09', 1),
(1958, 'A09', 'A12', 'C09', 1),
(1959, 'A10', 'A01', 'C09', 1),
(1960, 'A10', 'A02', 'C09', 1),
(1961, 'A10', 'A03', 'C09', 1),
(1965, 'A10', 'A07', 'C09', 1),
(1966, 'A10', 'A08', 'C09', 1),
(1967, 'A10', 'A09', 'C09', 1),
(1968, 'A10', 'A10', 'C09', 1),
(1969, 'A10', 'A11', 'C09', 1),
(1970, 'A10', 'A12', 'C09', 1),
(1971, 'A11', 'A01', 'C09', 1),
(1972, 'A11', 'A02', 'C09', 1),
(1973, 'A11', 'A03', 'C09', 1),
(1977, 'A11', 'A07', 'C09', 1),
(1978, 'A11', 'A08', 'C09', 1),
(1979, 'A11', 'A09', 'C09', 1),
(1980, 'A11', 'A10', 'C09', 1),
(1981, 'A11', 'A11', 'C09', 1),
(1982, 'A11', 'A12', 'C09', 1),
(1983, 'A12', 'A01', 'C09', 1),
(1984, 'A12', 'A02', 'C09', 1),
(1985, 'A12', 'A03', 'C09', 1),
(1989, 'A12', 'A07', 'C09', 1),
(1990, 'A12', 'A08', 'C09', 1),
(1991, 'A12', 'A09', 'C09', 1),
(1992, 'A12', 'A10', 'C09', 1),
(1993, 'A12', 'A11', 'C09', 1),
(1994, 'A12', 'A12', 'C09', 1),
(2678, 'A04', 'A05', 'C07', 1),
(2677, 'A03', 'A05', 'C07', 1),
(2676, 'A02', 'A05', 'C07', 1),
(2675, 'A01', 'A05', 'C07', 1),
(2674, 'A05', 'A05', 'C07', 1),
(2673, 'A05', 'A04', 'C07', 1),
(2672, 'A05', 'A03', 'C07', 1),
(2671, 'A05', 'A02', 'C07', 1),
(2670, 'A05', 'A01', 'C07', 1),
(2669, 'A04', 'A05', 'C06', 1),
(2668, 'A03', 'A05', 'C06', 1),
(2667, 'A02', 'A05', 'C06', 1),
(2666, 'A01', 'A05', 'C06', 1),
(2665, 'A05', 'A05', 'C06', 1),
(2664, 'A05', 'A04', 'C06', 1),
(2663, 'A05', 'A03', 'C06', 1),
(2662, 'A05', 'A02', 'C06', 1),
(2661, 'A05', 'A01', 'C06', 1),
(2660, 'A04', 'A05', 'C05', 1),
(2659, 'A03', 'A05', 'C05', 1),
(2658, 'A02', 'A05', 'C05', 1),
(2657, 'A01', 'A05', 'C05', 1),
(2656, 'A05', 'A05', 'C05', 1),
(2655, 'A05', 'A04', 'C05', 1),
(2654, 'A05', 'A03', 'C05', 1),
(2653, 'A05', 'A02', 'C05', 1),
(2652, 'A05', 'A01', 'C05', 1),
(2651, 'A04', 'A05', 'C04', 1),
(2650, 'A03', 'A05', 'C04', 1),
(2649, 'A02', 'A05', 'C04', 1),
(2648, 'A01', 'A05', 'C04', 1),
(2647, 'A05', 'A05', 'C04', 1),
(2646, 'A05', 'A04', 'C04', 1),
(2645, 'A05', 'A03', 'C04', 1),
(2644, 'A05', 'A02', 'C04', 1),
(2643, 'A05', 'A01', 'C04', 1),
(2642, 'A04', 'A05', 'C03', 1),
(2641, 'A03', 'A05', 'C03', 1),
(2640, 'A02', 'A05', 'C03', 1),
(2639, 'A01', 'A05', 'C03', 1),
(2638, 'A05', 'A05', 'C03', 1),
(2637, 'A05', 'A04', 'C03', 1),
(2636, 'A05', 'A03', 'C03', 1),
(2635, 'A05', 'A02', 'C03', 1),
(2634, 'A05', 'A01', 'C03', 1),
(2633, 'A04', 'A05', 'C02', 2),
(2632, 'A03', 'A05', 'C02', 1),
(2631, 'A02', 'A05', 'C02', 1),
(2630, 'A01', 'A05', 'C02', 1),
(2629, 'A05', 'A05', 'C02', 1),
(2628, 'A05', 'A04', 'C02', 0.5),
(2627, 'A05', 'A03', 'C02', 1),
(2626, 'A05', 'A02', 'C02', 1),
(2625, 'A05', 'A01', 'C02', 1),
(2624, 'A04', 'A05', 'C01', 1),
(2623, 'A03', 'A05', 'C01', 1),
(2622, 'A02', 'A05', 'C01', 1),
(2621, 'A01', 'A05', 'C01', 1),
(2620, 'A05', 'A05', 'C01', 1),
(2619, 'A05', 'A04', 'C01', 1),
(2618, 'A05', 'A03', 'C01', 1),
(2617, 'A05', 'A02', 'C01', 1),
(2616, 'A05', 'A01', 'C01', 1),
(2615, 'A03', 'A04', 'C09', 1),
(2614, 'A02', 'A04', 'C09', 1),
(2613, 'A01', 'A04', 'C09', 1),
(2612, 'A04', 'A04', 'C09', 1),
(2611, 'A04', 'A03', 'C09', 1),
(2610, 'A04', 'A02', 'C09', 1),
(2609, 'A04', 'A01', 'C09', 1),
(2608, 'A03', 'A04', 'C08', 1),
(2607, 'A02', 'A04', 'C08', 1),
(2606, 'A01', 'A04', 'C08', 1),
(2605, 'A04', 'A04', 'C08', 1),
(2604, 'A04', 'A03', 'C08', 1),
(2603, 'A04', 'A02', 'C08', 1),
(2602, 'A04', 'A01', 'C08', 1),
(2601, 'A03', 'A04', 'C07', 1),
(2600, 'A02', 'A04', 'C07', 1),
(2599, 'A01', 'A04', 'C07', 1),
(2598, 'A04', 'A04', 'C07', 1),
(2597, 'A04', 'A03', 'C07', 1),
(2596, 'A04', 'A02', 'C07', 1),
(2595, 'A04', 'A01', 'C07', 1),
(2594, 'A03', 'A04', 'C06', 1),
(2593, 'A02', 'A04', 'C06', 1),
(2592, 'A01', 'A04', 'C06', 1),
(2591, 'A04', 'A04', 'C06', 1),
(2590, 'A04', 'A03', 'C06', 1),
(2589, 'A04', 'A02', 'C06', 1),
(2588, 'A04', 'A01', 'C06', 1),
(2587, 'A03', 'A04', 'C05', 1),
(2586, 'A02', 'A04', 'C05', 1),
(2585, 'A01', 'A04', 'C05', 1),
(2584, 'A04', 'A04', 'C05', 1),
(2583, 'A04', 'A03', 'C05', 1),
(2582, 'A04', 'A02', 'C05', 1),
(2581, 'A04', 'A01', 'C05', 1),
(2580, 'A03', 'A04', 'C04', 1),
(2579, 'A02', 'A04', 'C04', 1),
(2578, 'A01', 'A04', 'C04', 1),
(2577, 'A04', 'A04', 'C04', 1),
(2576, 'A04', 'A03', 'C04', 1),
(2575, 'A04', 'A02', 'C04', 1),
(2574, 'A04', 'A01', 'C04', 1),
(2573, 'A03', 'A04', 'C03', 1),
(2572, 'A02', 'A04', 'C03', 1),
(2571, 'A01', 'A04', 'C03', 1),
(2570, 'A04', 'A04', 'C03', 1),
(2569, 'A04', 'A03', 'C03', 1),
(2568, 'A04', 'A02', 'C03', 1),
(2567, 'A04', 'A01', 'C03', 1),
(2566, 'A03', 'A04', 'C02', 1),
(2565, 'A02', 'A04', 'C02', 1),
(2564, 'A01', 'A04', 'C02', 1),
(2563, 'A04', 'A04', 'C02', 1),
(2562, 'A04', 'A03', 'C02', 1),
(2561, 'A04', 'A02', 'C02', 1),
(2560, 'A04', 'A01', 'C02', 1),
(2559, 'A03', 'A04', 'C01', 1),
(2558, 'A02', 'A04', 'C01', 1),
(2557, 'A01', 'A04', 'C01', 1),
(2556, 'A04', 'A04', 'C01', 1),
(2555, 'A04', 'A03', 'C01', 1),
(2554, 'A04', 'A02', 'C01', 1),
(2553, 'A04', 'A01', 'C01', 1),
(2679, 'A05', 'A01', 'C08', 1),
(2680, 'A05', 'A02', 'C08', 1),
(2681, 'A05', 'A03', 'C08', 1),
(2682, 'A05', 'A04', 'C08', 1),
(2683, 'A05', 'A05', 'C08', 1),
(2684, 'A01', 'A05', 'C08', 1),
(2685, 'A02', 'A05', 'C08', 1),
(2686, 'A03', 'A05', 'C08', 1),
(2687, 'A04', 'A05', 'C08', 1),
(2688, 'A05', 'A01', 'C09', 1),
(2689, 'A05', 'A02', 'C09', 1),
(2690, 'A05', 'A03', 'C09', 1),
(2691, 'A05', 'A04', 'C09', 1),
(2692, 'A05', 'A05', 'C09', 1),
(2693, 'A01', 'A05', 'C09', 1),
(2694, 'A02', 'A05', 'C09', 1),
(2695, 'A03', 'A05', 'C09', 1),
(2696, 'A04', 'A05', 'C09', 1),
(2894, 'A05', 'A06', 'C09', 1),
(2893, 'A04', 'A06', 'C09', 1),
(2892, 'A03', 'A06', 'C09', 1),
(2891, 'A02', 'A06', 'C09', 1),
(2890, 'A01', 'A06', 'C09', 1),
(2889, 'A06', 'A06', 'C09', 1),
(2888, 'A06', 'A05', 'C09', 1),
(2887, 'A06', 'A04', 'C09', 1),
(2886, 'A06', 'A03', 'C09', 1),
(2885, 'A06', 'A02', 'C09', 1),
(2884, 'A06', 'A01', 'C09', 1),
(2883, 'A05', 'A06', 'C08', 1),
(2882, 'A04', 'A06', 'C08', 1),
(2881, 'A03', 'A06', 'C08', 1),
(2880, 'A02', 'A06', 'C08', 1),
(2879, 'A01', 'A06', 'C08', 1),
(2878, 'A06', 'A06', 'C08', 1),
(2877, 'A06', 'A05', 'C08', 1),
(2876, 'A06', 'A04', 'C08', 1),
(2875, 'A06', 'A03', 'C08', 1),
(2874, 'A06', 'A02', 'C08', 1),
(2873, 'A06', 'A01', 'C08', 1),
(2872, 'A05', 'A06', 'C07', 1),
(2871, 'A04', 'A06', 'C07', 1),
(2870, 'A03', 'A06', 'C07', 1),
(2869, 'A02', 'A06', 'C07', 1),
(2868, 'A01', 'A06', 'C07', 1),
(2867, 'A06', 'A06', 'C07', 1),
(2866, 'A06', 'A05', 'C07', 1),
(2865, 'A06', 'A04', 'C07', 1),
(2864, 'A06', 'A03', 'C07', 1),
(2863, 'A06', 'A02', 'C07', 1),
(2862, 'A06', 'A01', 'C07', 1),
(2861, 'A05', 'A06', 'C06', 1),
(2860, 'A04', 'A06', 'C06', 1),
(2859, 'A03', 'A06', 'C06', 1),
(2858, 'A02', 'A06', 'C06', 1),
(2857, 'A01', 'A06', 'C06', 1),
(2856, 'A06', 'A06', 'C06', 1),
(2855, 'A06', 'A05', 'C06', 1),
(2854, 'A06', 'A04', 'C06', 1),
(2853, 'A06', 'A03', 'C06', 1),
(2852, 'A06', 'A02', 'C06', 1),
(2851, 'A06', 'A01', 'C06', 1),
(2850, 'A05', 'A06', 'C05', 1),
(2849, 'A04', 'A06', 'C05', 1),
(2848, 'A03', 'A06', 'C05', 1),
(2847, 'A02', 'A06', 'C05', 1),
(2846, 'A01', 'A06', 'C05', 1),
(2845, 'A06', 'A06', 'C05', 1),
(2844, 'A06', 'A05', 'C05', 1),
(2843, 'A06', 'A04', 'C05', 1),
(2842, 'A06', 'A03', 'C05', 1),
(2841, 'A06', 'A02', 'C05', 1),
(2840, 'A06', 'A01', 'C05', 1),
(2839, 'A05', 'A06', 'C04', 1),
(2838, 'A04', 'A06', 'C04', 1),
(2837, 'A03', 'A06', 'C04', 1),
(2836, 'A02', 'A06', 'C04', 1),
(2835, 'A01', 'A06', 'C04', 1),
(2834, 'A06', 'A06', 'C04', 1),
(2833, 'A06', 'A05', 'C04', 1),
(2832, 'A06', 'A04', 'C04', 1),
(2831, 'A06', 'A03', 'C04', 1),
(2830, 'A06', 'A02', 'C04', 1),
(2829, 'A06', 'A01', 'C04', 1),
(2828, 'A05', 'A06', 'C03', 1),
(2827, 'A04', 'A06', 'C03', 1),
(2826, 'A03', 'A06', 'C03', 1),
(2825, 'A02', 'A06', 'C03', 1),
(2824, 'A01', 'A06', 'C03', 1),
(2823, 'A06', 'A06', 'C03', 1),
(2822, 'A06', 'A05', 'C03', 1),
(2821, 'A06', 'A04', 'C03', 1),
(2820, 'A06', 'A03', 'C03', 1),
(2819, 'A06', 'A02', 'C03', 1),
(2818, 'A06', 'A01', 'C03', 1),
(2817, 'A05', 'A06', 'C02', 1),
(2816, 'A04', 'A06', 'C02', 3),
(2815, 'A03', 'A06', 'C02', 1),
(2814, 'A02', 'A06', 'C02', 1),
(2813, 'A01', 'A06', 'C02', 1),
(2812, 'A06', 'A06', 'C02', 1),
(2811, 'A06', 'A05', 'C02', 1),
(2810, 'A06', 'A04', 'C02', 0.3333333333333333),
(2809, 'A06', 'A03', 'C02', 1),
(2808, 'A06', 'A02', 'C02', 1),
(2807, 'A06', 'A01', 'C02', 1),
(2806, 'A05', 'A06', 'C01', 1),
(2805, 'A04', 'A06', 'C01', 1),
(2804, 'A03', 'A06', 'C01', 1),
(2803, 'A02', 'A06', 'C01', 1),
(2802, 'A01', 'A06', 'C01', 1),
(2801, 'A06', 'A06', 'C01', 1),
(2800, 'A06', 'A05', 'C01', 1),
(2799, 'A06', 'A04', 'C01', 1),
(2798, 'A06', 'A03', 'C01', 1),
(2797, 'A06', 'A02', 'C01', 1),
(2796, 'A06', 'A01', 'C01', 1);

-- --------------------------------------------------------

--
-- Table structure for table `tb_rel_kriteria`
--

CREATE TABLE `tb_rel_kriteria` (
  `ID` int(11) NOT NULL,
  `kode_alternatif` varchar(16) DEFAULT NULL,
  `kode1` varchar(16) DEFAULT NULL,
  `kode2` varchar(16) DEFAULT NULL,
  `nilai` double DEFAULT NULL
) ENGINE=InnoDB DEFAULT CHARSET=latin1;

--
-- Dumping data for table `tb_rel_kriteria`
--

INSERT INTO `tb_rel_kriteria` (`ID`, `kode_alternatif`, `kode1`, `kode2`, `nilai`) VALUES
(6, 'A01', 'C01', 'C01', 1),
(7, 'A01', 'C02', 'C02', 1),
(8, 'A01', 'C01', 'C02', NULL),
(9, 'A01', 'C03', 'C01', 5),
(10, 'A01', 'C03', 'C02', 0.2),
(11, 'A01', 'C03', 'C03', 1),
(12, 'A01', 'C01', 'C03', 0.2),
(13, 'A01', 'C02', 'C03', 5),
(17, 'A01', 'C02', 'C01', 0),
(37, 'A02', 'C01', 'C01', 1),
(38, 'A02', 'C02', 'C02', 1),
(39, 'A02', 'C01', 'C02', 0.14285714285714285),
(40, 'A02', 'C03', 'C01', 5),
(41, 'A02', 'C03', 'C02', 0.3333333333333333),
(42, 'A02', 'C03', 'C03', 1),
(43, 'A02', 'C01', 'C03', 0.2),
(44, 'A02', 'C02', 'C03', 3),
(48, 'A02', 'C02', 'C01', 7),
(68, 'A03', 'C01', 'C01', 1),
(69, 'A03', 'C02', 'C02', 1),
(70, 'A03', 'C01', 'C02', 0.14285714285714285),
(71, 'A03', 'C03', 'C01', 5),
(72, 'A03', 'C03', 'C02', 5),
(73, 'A03', 'C03', 'C03', 1),
(74, 'A03', 'C01', 'C03', 0.2),
(75, 'A03', 'C02', 'C03', 0.2),
(79, 'A03', 'C02', 'C01', 7),
(130, 'A01', 'C04', 'C01', 4),
(131, 'A01', 'C04', 'C02', 0.14285714285714285),
(132, 'A01', 'C04', 'C03', 1),
(133, 'A01', 'C04', 'C04', 1),
(137, 'A01', 'C01', 'C04', 0.25),
(138, 'A01', 'C02', 'C04', 7),
(139, 'A01', 'C03', 'C04', 1),
(140, 'A02', 'C04', 'C01', 4),
(141, 'A02', 'C04', 'C02', 1),
(142, 'A02', 'C04', 'C03', 1),
(143, 'A02', 'C04', 'C04', 1),
(147, 'A02', 'C01', 'C04', 0.25),
(148, 'A02', 'C02', 'C04', 1),
(149, 'A02', 'C03', 'C04', 1),
(150, 'A03', 'C04', 'C01', 4),
(151, 'A03', 'C04', 'C02', 1),
(152, 'A03', 'C04', 'C03', 1),
(153, 'A03', 'C04', 'C04', 1),
(157, 'A03', 'C01', 'C04', 0.25),
(158, 'A03', 'C02', 'C04', 1),
(159, 'A03', 'C03', 'C04', 1),
(286, 'A07', 'C01', 'C01', 1),
(287, 'A07', 'C01', 'C02', 1),
(288, 'A07', 'C01', 'C03', 1),
(289, 'A07', 'C01', 'C04', 1),
(293, 'A07', 'C02', 'C01', 1),
(294, 'A07', 'C02', 'C02', 1),
(295, 'A07', 'C02', 'C03', 1),
(296, 'A07', 'C02', 'C04', 1),
(300, 'A07', 'C03', 'C01', 1),
(301, 'A07', 'C03', 'C02', 1),
(302, 'A07', 'C03', 'C03', 1),
(303, 'A07', 'C03', 'C04', 1),
(307, 'A07', 'C04', 'C01', 1),
(308, 'A07', 'C04', 'C02', 1),
(309, 'A07', 'C04', 'C03', 1),
(310, 'A07', 'C04', 'C04', 1),
(314, 'A08', 'C01', 'C01', 1),
(315, 'A08', 'C01', 'C02', 1),
(316, 'A08', 'C01', 'C03', 1),
(317, 'A08', 'C01', 'C04', 1),
(321, 'A08', 'C02', 'C01', 1),
(322, 'A08', 'C02', 'C02', 1),
(323, 'A08', 'C02', 'C03', 1),
(324, 'A08', 'C02', 'C04', 1),
(328, 'A08', 'C03', 'C01', 1),
(329, 'A08', 'C03', 'C02', 1),
(330, 'A08', 'C03', 'C03', 1),
(331, 'A08', 'C03', 'C04', 1),
(335, 'A08', 'C04', 'C01', 1),
(336, 'A08', 'C04', 'C02', 1),
(337, 'A08', 'C04', 'C03', 1),
(338, 'A08', 'C04', 'C04', 1),
(342, 'A09', 'C01', 'C01', 1),
(343, 'A09', 'C01', 'C02', 1),
(344, 'A09', 'C01', 'C03', 1),
(345, 'A09', 'C01', 'C04', 1),
(349, 'A09', 'C02', 'C01', 1),
(350, 'A09', 'C02', 'C02', 1),
(351, 'A09', 'C02', 'C03', 1),
(352, 'A09', 'C02', 'C04', 1),
(356, 'A09', 'C03', 'C01', 1),
(357, 'A09', 'C03', 'C02', 1),
(358, 'A09', 'C03', 'C03', 1),
(359, 'A09', 'C03', 'C04', 1),
(363, 'A09', 'C04', 'C01', 1),
(364, 'A09', 'C04', 'C02', 1),
(365, 'A09', 'C04', 'C03', 1),
(366, 'A09', 'C04', 'C04', 1),
(370, 'A10', 'C01', 'C01', 1),
(371, 'A10', 'C01', 'C02', 1),
(372, 'A10', 'C01', 'C03', 1),
(373, 'A10', 'C01', 'C04', 1),
(377, 'A10', 'C02', 'C01', 1),
(378, 'A10', 'C02', 'C02', 1),
(379, 'A10', 'C02', 'C03', 1),
(380, 'A10', 'C02', 'C04', 1),
(384, 'A10', 'C03', 'C01', 1),
(385, 'A10', 'C03', 'C02', 1),
(386, 'A10', 'C03', 'C03', 1),
(387, 'A10', 'C03', 'C04', 1),
(391, 'A10', 'C04', 'C01', 1),
(392, 'A10', 'C04', 'C02', 1),
(393, 'A10', 'C04', 'C03', 1),
(394, 'A10', 'C04', 'C04', 1),
(398, 'A11', 'C01', 'C01', 1),
(399, 'A11', 'C01', 'C02', 1),
(400, 'A11', 'C01', 'C03', 1),
(401, 'A11', 'C01', 'C04', 1),
(405, 'A11', 'C02', 'C01', 1),
(406, 'A11', 'C02', 'C02', 1),
(407, 'A11', 'C02', 'C03', 1),
(408, 'A11', 'C02', 'C04', 1),
(412, 'A11', 'C03', 'C01', 1),
(413, 'A11', 'C03', 'C02', 1),
(414, 'A11', 'C03', 'C03', 1),
(415, 'A11', 'C03', 'C04', 1),
(419, 'A11', 'C04', 'C01', 1),
(420, 'A11', 'C04', 'C02', 1),
(421, 'A11', 'C04', 'C03', 1),
(422, 'A11', 'C04', 'C04', 1),
(426, 'A12', 'C01', 'C01', 1),
(427, 'A12', 'C01', 'C02', 1),
(428, 'A12', 'C01', 'C03', 1),
(429, 'A12', 'C01', 'C04', 1),
(433, 'A12', 'C02', 'C01', 1),
(434, 'A12', 'C02', 'C02', 1),
(435, 'A12', 'C02', 'C03', 1),
(436, 'A12', 'C02', 'C04', 1),
(440, 'A12', 'C03', 'C01', 1),
(441, 'A12', 'C03', 'C02', 1),
(442, 'A12', 'C03', 'C03', 1),
(443, 'A12', 'C03', 'C04', 1),
(447, 'A12', 'C04', 'C01', 1),
(448, 'A12', 'C04', 'C02', 1),
(449, 'A12', 'C04', 'C03', 1),
(450, 'A12', 'C04', 'C04', 1),
(451, 'A01', 'C05', 'C01', 3),
(452, 'A01', 'C05', 'C02', 0.1111111111111111),
(453, 'A01', 'C05', 'C03', 1),
(454, 'A01', 'C05', 'C04', 1),
(455, 'A01', 'C05', 'C05', 1),
(458, 'A01', 'C01', 'C05', 0.3333333333333333),
(459, 'A01', 'C02', 'C05', 9),
(460, 'A01', 'C03', 'C05', 1),
(461, 'A01', 'C04', 'C05', 1),
(465, 'A02', 'C05', 'C01', 3),
(466, 'A02', 'C05', 'C02', 1),
(467, 'A02', 'C05', 'C03', 1),
(468, 'A02', 'C05', 'C04', 1),
(469, 'A02', 'C05', 'C05', 1),
(472, 'A02', 'C01', 'C05', 0.3333333333333333),
(473, 'A02', 'C02', 'C05', 1),
(474, 'A02', 'C03', 'C05', 1),
(475, 'A02', 'C04', 'C05', 1),
(479, 'A03', 'C05', 'C01', 3),
(480, 'A03', 'C05', 'C02', 1),
(481, 'A03', 'C05', 'C03', 1),
(482, 'A03', 'C05', 'C04', 1),
(483, 'A03', 'C05', 'C05', 1),
(486, 'A03', 'C01', 'C05', 0.3333333333333333),
(487, 'A03', 'C02', 'C05', 1),
(488, 'A03', 'C03', 'C05', 1),
(489, 'A03', 'C04', 'C05', 1),
(535, 'A07', 'C05', 'C01', 1),
(536, 'A07', 'C05', 'C02', 1),
(537, 'A07', 'C05', 'C03', 1),
(538, 'A07', 'C05', 'C04', 1),
(539, 'A07', 'C05', 'C05', 1),
(542, 'A07', 'C01', 'C05', 1),
(543, 'A07', 'C02', 'C05', 1),
(544, 'A07', 'C03', 'C05', 1),
(545, 'A07', 'C04', 'C05', 1),
(549, 'A08', 'C05', 'C01', 1),
(550, 'A08', 'C05', 'C02', 1),
(551, 'A08', 'C05', 'C03', 1),
(552, 'A08', 'C05', 'C04', 1),
(553, 'A08', 'C05', 'C05', 1),
(556, 'A08', 'C01', 'C05', 1),
(557, 'A08', 'C02', 'C05', 1),
(558, 'A08', 'C03', 'C05', 1),
(559, 'A08', 'C04', 'C05', 1),
(563, 'A09', 'C05', 'C01', 1),
(564, 'A09', 'C05', 'C02', 1),
(565, 'A09', 'C05', 'C03', 1),
(566, 'A09', 'C05', 'C04', 1),
(567, 'A09', 'C05', 'C05', 1),
(570, 'A09', 'C01', 'C05', 1),
(571, 'A09', 'C02', 'C05', 1),
(572, 'A09', 'C03', 'C05', 1),
(573, 'A09', 'C04', 'C05', 1),
(577, 'A10', 'C05', 'C01', 1),
(578, 'A10', 'C05', 'C02', 1),
(579, 'A10', 'C05', 'C03', 1),
(580, 'A10', 'C05', 'C04', 1),
(581, 'A10', 'C05', 'C05', 1),
(584, 'A10', 'C01', 'C05', 1),
(585, 'A10', 'C02', 'C05', 1),
(586, 'A10', 'C03', 'C05', 1),
(587, 'A10', 'C04', 'C05', 1),
(591, 'A11', 'C05', 'C01', 1),
(592, 'A11', 'C05', 'C02', 1),
(593, 'A11', 'C05', 'C03', 1),
(594, 'A11', 'C05', 'C04', 1),
(595, 'A11', 'C05', 'C05', 1),
(598, 'A11', 'C01', 'C05', 1),
(599, 'A11', 'C02', 'C05', 1),
(600, 'A11', 'C03', 'C05', 1),
(601, 'A11', 'C04', 'C05', 1),
(605, 'A12', 'C05', 'C01', 1),
(606, 'A12', 'C05', 'C02', 1),
(607, 'A12', 'C05', 'C03', 1),
(608, 'A12', 'C05', 'C04', 1),
(609, 'A12', 'C05', 'C05', 1),
(612, 'A12', 'C01', 'C05', 1),
(613, 'A12', 'C02', 'C05', 1),
(614, 'A12', 'C03', 'C05', 1),
(615, 'A12', 'C04', 'C05', 1),
(619, 'A01', 'C06', 'C01', 9),
(620, 'A01', 'C06', 'C02', 1),
(621, 'A01', 'C06', 'C03', 5),
(622, 'A01', 'C06', 'C04', 5),
(623, 'A01', 'C06', 'C05', 5),
(624, 'A01', 'C06', 'C06', 1),
(626, 'A01', 'C01', 'C06', 0.1111111111111111),
(627, 'A01', 'C02', 'C06', 1),
(628, 'A01', 'C03', 'C06', 0.2),
(629, 'A01', 'C04', 'C06', 0.2),
(630, 'A01', 'C05', 'C06', 0.2),
(633, 'A02', 'C06', 'C01', 9),
(634, 'A02', 'C06', 'C02', 1),
(635, 'A02', 'C06', 'C03', 1),
(636, 'A02', 'C06', 'C04', 1),
(637, 'A02', 'C06', 'C05', 1),
(638, 'A02', 'C06', 'C06', 1),
(640, 'A02', 'C01', 'C06', 0.1111111111111111),
(641, 'A02', 'C02', 'C06', 1),
(642, 'A02', 'C03', 'C06', 1),
(643, 'A02', 'C04', 'C06', 1),
(644, 'A02', 'C05', 'C06', 1),
(647, 'A03', 'C06', 'C01', 9),
(648, 'A03', 'C06', 'C02', 1),
(649, 'A03', 'C06', 'C03', 1),
(650, 'A03', 'C06', 'C04', 1),
(651, 'A03', 'C06', 'C05', 1),
(652, 'A03', 'C06', 'C06', 1),
(654, 'A03', 'C01', 'C06', 0.1111111111111111),
(655, 'A03', 'C02', 'C06', 1),
(656, 'A03', 'C03', 'C06', 1),
(657, 'A03', 'C04', 'C06', 1),
(658, 'A03', 'C05', 'C06', 1),
(703, 'A07', 'C06', 'C01', 1),
(704, 'A07', 'C06', 'C02', 1),
(705, 'A07', 'C06', 'C03', 1),
(706, 'A07', 'C06', 'C04', 1),
(707, 'A07', 'C06', 'C05', 1),
(708, 'A07', 'C06', 'C06', 1),
(710, 'A07', 'C01', 'C06', 1),
(711, 'A07', 'C02', 'C06', 1),
(712, 'A07', 'C03', 'C06', 1),
(713, 'A07', 'C04', 'C06', 1),
(714, 'A07', 'C05', 'C06', 1),
(717, 'A08', 'C06', 'C01', 1),
(718, 'A08', 'C06', 'C02', 1),
(719, 'A08', 'C06', 'C03', 1),
(720, 'A08', 'C06', 'C04', 1),
(721, 'A08', 'C06', 'C05', 1),
(722, 'A08', 'C06', 'C06', 1),
(724, 'A08', 'C01', 'C06', 1),
(725, 'A08', 'C02', 'C06', 1),
(726, 'A08', 'C03', 'C06', 1),
(727, 'A08', 'C04', 'C06', 1),
(728, 'A08', 'C05', 'C06', 1),
(731, 'A09', 'C06', 'C01', 1),
(732, 'A09', 'C06', 'C02', 1),
(733, 'A09', 'C06', 'C03', 1),
(734, 'A09', 'C06', 'C04', 1),
(735, 'A09', 'C06', 'C05', 1),
(736, 'A09', 'C06', 'C06', 1),
(738, 'A09', 'C01', 'C06', 1),
(739, 'A09', 'C02', 'C06', 1),
(740, 'A09', 'C03', 'C06', 1),
(741, 'A09', 'C04', 'C06', 1),
(742, 'A09', 'C05', 'C06', 1),
(745, 'A10', 'C06', 'C01', 1),
(746, 'A10', 'C06', 'C02', 1),
(747, 'A10', 'C06', 'C03', 1),
(748, 'A10', 'C06', 'C04', 1),
(749, 'A10', 'C06', 'C05', 1),
(750, 'A10', 'C06', 'C06', 1),
(752, 'A10', 'C01', 'C06', 1),
(753, 'A10', 'C02', 'C06', 1),
(754, 'A10', 'C03', 'C06', 1),
(755, 'A10', 'C04', 'C06', 1),
(756, 'A10', 'C05', 'C06', 1),
(759, 'A11', 'C06', 'C01', 1),
(760, 'A11', 'C06', 'C02', 1),
(761, 'A11', 'C06', 'C03', 1),
(762, 'A11', 'C06', 'C04', 1),
(763, 'A11', 'C06', 'C05', 1),
(764, 'A11', 'C06', 'C06', 1),
(766, 'A11', 'C01', 'C06', 1),
(767, 'A11', 'C02', 'C06', 1),
(768, 'A11', 'C03', 'C06', 1),
(769, 'A11', 'C04', 'C06', 1),
(770, 'A11', 'C05', 'C06', 1),
(773, 'A12', 'C06', 'C01', 1),
(774, 'A12', 'C06', 'C02', 1),
(775, 'A12', 'C06', 'C03', 1),
(776, 'A12', 'C06', 'C04', 1),
(777, 'A12', 'C06', 'C05', 1),
(778, 'A12', 'C06', 'C06', 1),
(780, 'A12', 'C01', 'C06', 1),
(781, 'A12', 'C02', 'C06', 1),
(782, 'A12', 'C03', 'C06', 1),
(783, 'A12', 'C04', 'C06', 1),
(784, 'A12', 'C05', 'C06', 1),
(787, 'A01', 'C07', 'C01', 7),
(788, 'A01', 'C07', 'C02', 1),
(789, 'A01', 'C07', 'C03', 1),
(790, 'A01', 'C07', 'C04', 1),
(791, 'A01', 'C07', 'C05', 1),
(792, 'A01', 'C07', 'C06', 1),
(793, 'A01', 'C07', 'C07', 1),
(794, 'A01', 'C01', 'C07', 0.14285714285714285),
(795, 'A01', 'C02', 'C07', 1),
(796, 'A01', 'C03', 'C07', 1),
(797, 'A01', 'C04', 'C07', 1),
(798, 'A01', 'C05', 'C07', 1),
(799, 'A01', 'C06', 'C07', 1),
(801, 'A02', 'C07', 'C01', 7),
(802, 'A02', 'C07', 'C02', 1),
(803, 'A02', 'C07', 'C03', 1),
(804, 'A02', 'C07', 'C04', 1),
(805, 'A02', 'C07', 'C05', 1),
(806, 'A02', 'C07', 'C06', 1),
(807, 'A02', 'C07', 'C07', 1),
(808, 'A02', 'C01', 'C07', 0.14285714285714285),
(809, 'A02', 'C02', 'C07', 1),
(810, 'A02', 'C03', 'C07', 1),
(811, 'A02', 'C04', 'C07', 1),
(812, 'A02', 'C05', 'C07', 1),
(813, 'A02', 'C06', 'C07', 1),
(815, 'A03', 'C07', 'C01', 7),
(816, 'A03', 'C07', 'C02', 1),
(817, 'A03', 'C07', 'C03', 1),
(818, 'A03', 'C07', 'C04', 1),
(819, 'A03', 'C07', 'C05', 1),
(820, 'A03', 'C07', 'C06', 1),
(821, 'A03', 'C07', 'C07', 1),
(822, 'A03', 'C01', 'C07', 0.14285714285714285),
(823, 'A03', 'C02', 'C07', 1),
(824, 'A03', 'C03', 'C07', 1),
(825, 'A03', 'C04', 'C07', 1),
(826, 'A03', 'C05', 'C07', 1),
(827, 'A03', 'C06', 'C07', 1),
(871, 'A07', 'C07', 'C01', 1),
(872, 'A07', 'C07', 'C02', 1),
(873, 'A07', 'C07', 'C03', 1),
(874, 'A07', 'C07', 'C04', 1),
(875, 'A07', 'C07', 'C05', 1),
(876, 'A07', 'C07', 'C06', 1),
(877, 'A07', 'C07', 'C07', 1),
(878, 'A07', 'C01', 'C07', 1),
(879, 'A07', 'C02', 'C07', 1),
(880, 'A07', 'C03', 'C07', 1),
(881, 'A07', 'C04', 'C07', 1),
(882, 'A07', 'C05', 'C07', 1),
(883, 'A07', 'C06', 'C07', 1),
(885, 'A08', 'C07', 'C01', 1),
(886, 'A08', 'C07', 'C02', 1),
(887, 'A08', 'C07', 'C03', 1),
(888, 'A08', 'C07', 'C04', 1),
(889, 'A08', 'C07', 'C05', 1),
(890, 'A08', 'C07', 'C06', 1),
(891, 'A08', 'C07', 'C07', 1),
(892, 'A08', 'C01', 'C07', 1),
(893, 'A08', 'C02', 'C07', 1),
(894, 'A08', 'C03', 'C07', 1),
(895, 'A08', 'C04', 'C07', 1),
(896, 'A08', 'C05', 'C07', 1),
(897, 'A08', 'C06', 'C07', 1),
(899, 'A09', 'C07', 'C01', 1),
(900, 'A09', 'C07', 'C02', 1),
(901, 'A09', 'C07', 'C03', 1),
(902, 'A09', 'C07', 'C04', 1),
(903, 'A09', 'C07', 'C05', 1),
(904, 'A09', 'C07', 'C06', 1),
(905, 'A09', 'C07', 'C07', 1),
(906, 'A09', 'C01', 'C07', 1),
(907, 'A09', 'C02', 'C07', 1),
(908, 'A09', 'C03', 'C07', 1),
(909, 'A09', 'C04', 'C07', 1),
(910, 'A09', 'C05', 'C07', 1),
(911, 'A09', 'C06', 'C07', 1),
(913, 'A10', 'C07', 'C01', 1),
(914, 'A10', 'C07', 'C02', 1),
(915, 'A10', 'C07', 'C03', 1),
(916, 'A10', 'C07', 'C04', 1),
(917, 'A10', 'C07', 'C05', 1),
(918, 'A10', 'C07', 'C06', 1),
(919, 'A10', 'C07', 'C07', 1),
(920, 'A10', 'C01', 'C07', 1),
(921, 'A10', 'C02', 'C07', 1),
(922, 'A10', 'C03', 'C07', 1),
(923, 'A10', 'C04', 'C07', 1),
(924, 'A10', 'C05', 'C07', 1),
(925, 'A10', 'C06', 'C07', 1),
(927, 'A11', 'C07', 'C01', 1),
(928, 'A11', 'C07', 'C02', 1),
(929, 'A11', 'C07', 'C03', 1),
(930, 'A11', 'C07', 'C04', 1),
(931, 'A11', 'C07', 'C05', 1),
(932, 'A11', 'C07', 'C06', 1),
(933, 'A11', 'C07', 'C07', 1),
(934, 'A11', 'C01', 'C07', 1),
(935, 'A11', 'C02', 'C07', 1),
(936, 'A11', 'C03', 'C07', 1),
(937, 'A11', 'C04', 'C07', 1),
(938, 'A11', 'C05', 'C07', 1),
(939, 'A11', 'C06', 'C07', 1),
(941, 'A12', 'C07', 'C01', 1),
(942, 'A12', 'C07', 'C02', 1),
(943, 'A12', 'C07', 'C03', 1),
(944, 'A12', 'C07', 'C04', 1),
(945, 'A12', 'C07', 'C05', 1),
(946, 'A12', 'C07', 'C06', 1),
(947, 'A12', 'C07', 'C07', 1),
(948, 'A12', 'C01', 'C07', 1),
(949, 'A12', 'C02', 'C07', 1),
(950, 'A12', 'C03', 'C07', 1),
(951, 'A12', 'C04', 'C07', 1),
(952, 'A12', 'C05', 'C07', 1),
(953, 'A12', 'C06', 'C07', 1),
(955, 'A01', 'C08', 'C01', 5),
(956, 'A01', 'C08', 'C02', 1),
(957, 'A01', 'C08', 'C03', 1),
(958, 'A01', 'C08', 'C04', 1),
(959, 'A01', 'C08', 'C05', 1),
(960, 'A01', 'C08', 'C06', 1),
(961, 'A01', 'C08', 'C07', 1),
(962, 'A01', 'C08', 'C08', 1),
(970, 'A01', 'C01', 'C08', 0.2),
(971, 'A01', 'C02', 'C08', 1),
(972, 'A01', 'C03', 'C08', 1),
(973, 'A01', 'C04', 'C08', 1),
(974, 'A01', 'C05', 'C08', 1),
(975, 'A01', 'C06', 'C08', 1),
(976, 'A01', 'C07', 'C08', 1),
(977, 'A02', 'C08', 'C01', 5),
(978, 'A02', 'C08', 'C02', 1),
(979, 'A02', 'C08', 'C03', 1),
(980, 'A02', 'C08', 'C04', 1),
(981, 'A02', 'C08', 'C05', 1),
(982, 'A02', 'C08', 'C06', 1),
(983, 'A02', 'C08', 'C07', 1),
(984, 'A02', 'C08', 'C08', 1),
(992, 'A02', 'C01', 'C08', 0.2),
(993, 'A02', 'C02', 'C08', 1),
(994, 'A02', 'C03', 'C08', 1),
(995, 'A02', 'C04', 'C08', 1),
(996, 'A02', 'C05', 'C08', 1),
(997, 'A02', 'C06', 'C08', 1),
(998, 'A02', 'C07', 'C08', 1),
(999, 'A03', 'C08', 'C01', 5),
(1000, 'A03', 'C08', 'C02', 1),
(1001, 'A03', 'C08', 'C03', 1),
(1002, 'A03', 'C08', 'C04', 1),
(1003, 'A03', 'C08', 'C05', 1),
(1004, 'A03', 'C08', 'C06', 1),
(1005, 'A03', 'C08', 'C07', 1),
(1006, 'A03', 'C08', 'C08', 1),
(1014, 'A03', 'C01', 'C08', 0.2),
(1015, 'A03', 'C02', 'C08', 1),
(1016, 'A03', 'C03', 'C08', 1),
(1017, 'A03', 'C04', 'C08', 1),
(1018, 'A03', 'C05', 'C08', 1),
(1019, 'A03', 'C06', 'C08', 1),
(1020, 'A03', 'C07', 'C08', 1),
(1087, 'A07', 'C08', 'C01', 1),
(1088, 'A07', 'C08', 'C02', 1),
(1089, 'A07', 'C08', 'C03', 1),
(1090, 'A07', 'C08', 'C04', 1),
(1091, 'A07', 'C08', 'C05', 1),
(1092, 'A07', 'C08', 'C06', 1),
(1093, 'A07', 'C08', 'C07', 1),
(1094, 'A07', 'C08', 'C08', 1),
(1102, 'A07', 'C01', 'C08', 1),
(1103, 'A07', 'C02', 'C08', 1),
(1104, 'A07', 'C03', 'C08', 1),
(1105, 'A07', 'C04', 'C08', 1),
(1106, 'A07', 'C05', 'C08', 1),
(1107, 'A07', 'C06', 'C08', 1),
(1108, 'A07', 'C07', 'C08', 1),
(1109, 'A08', 'C08', 'C01', 1),
(1110, 'A08', 'C08', 'C02', 1),
(1111, 'A08', 'C08', 'C03', 1),
(1112, 'A08', 'C08', 'C04', 1),
(1113, 'A08', 'C08', 'C05', 1),
(1114, 'A08', 'C08', 'C06', 1),
(1115, 'A08', 'C08', 'C07', 1),
(1116, 'A08', 'C08', 'C08', 1),
(1124, 'A08', 'C01', 'C08', 1),
(1125, 'A08', 'C02', 'C08', 1),
(1126, 'A08', 'C03', 'C08', 1),
(1127, 'A08', 'C04', 'C08', 1),
(1128, 'A08', 'C05', 'C08', 1),
(1129, 'A08', 'C06', 'C08', 1),
(1130, 'A08', 'C07', 'C08', 1),
(1131, 'A09', 'C08', 'C01', 1),
(1132, 'A09', 'C08', 'C02', 1),
(1133, 'A09', 'C08', 'C03', 1),
(1134, 'A09', 'C08', 'C04', 1),
(1135, 'A09', 'C08', 'C05', 1),
(1136, 'A09', 'C08', 'C06', 1),
(1137, 'A09', 'C08', 'C07', 1),
(1138, 'A09', 'C08', 'C08', 1),
(1146, 'A09', 'C01', 'C08', 1),
(1147, 'A09', 'C02', 'C08', 1),
(1148, 'A09', 'C03', 'C08', 1),
(1149, 'A09', 'C04', 'C08', 1),
(1150, 'A09', 'C05', 'C08', 1),
(1151, 'A09', 'C06', 'C08', 1),
(1152, 'A09', 'C07', 'C08', 1),
(1153, 'A10', 'C08', 'C01', 1),
(1154, 'A10', 'C08', 'C02', 1),
(1155, 'A10', 'C08', 'C03', 1),
(1156, 'A10', 'C08', 'C04', 1),
(1157, 'A10', 'C08', 'C05', 1),
(1158, 'A10', 'C08', 'C06', 1),
(1159, 'A10', 'C08', 'C07', 1),
(1160, 'A10', 'C08', 'C08', 1),
(1168, 'A10', 'C01', 'C08', 1),
(1169, 'A10', 'C02', 'C08', 1),
(1170, 'A10', 'C03', 'C08', 1),
(1171, 'A10', 'C04', 'C08', 1),
(1172, 'A10', 'C05', 'C08', 1),
(1173, 'A10', 'C06', 'C08', 1),
(1174, 'A10', 'C07', 'C08', 1),
(1175, 'A11', 'C08', 'C01', 1),
(1176, 'A11', 'C08', 'C02', 1),
(1177, 'A11', 'C08', 'C03', 1),
(1178, 'A11', 'C08', 'C04', 1),
(1179, 'A11', 'C08', 'C05', 1),
(1180, 'A11', 'C08', 'C06', 1),
(1181, 'A11', 'C08', 'C07', 1),
(1182, 'A11', 'C08', 'C08', 1),
(1190, 'A11', 'C01', 'C08', 1),
(1191, 'A11', 'C02', 'C08', 1),
(1192, 'A11', 'C03', 'C08', 1),
(1193, 'A11', 'C04', 'C08', 1),
(1194, 'A11', 'C05', 'C08', 1),
(1195, 'A11', 'C06', 'C08', 1),
(1196, 'A11', 'C07', 'C08', 1),
(1197, 'A12', 'C08', 'C01', 1),
(1198, 'A12', 'C08', 'C02', 1),
(1199, 'A12', 'C08', 'C03', 1),
(1200, 'A12', 'C08', 'C04', 1),
(1201, 'A12', 'C08', 'C05', 1),
(1202, 'A12', 'C08', 'C06', 1),
(1203, 'A12', 'C08', 'C07', 1),
(1204, 'A12', 'C08', 'C08', 1),
(1212, 'A12', 'C01', 'C08', 1),
(1213, 'A12', 'C02', 'C08', 1),
(1214, 'A12', 'C03', 'C08', 1),
(1215, 'A12', 'C04', 'C08', 1),
(1216, 'A12', 'C05', 'C08', 1),
(1217, 'A12', 'C06', 'C08', 1),
(1218, 'A12', 'C07', 'C08', 1),
(1219, 'A01', 'C09', 'C01', 5),
(1220, 'A01', 'C09', 'C02', 1),
(1221, 'A01', 'C09', 'C03', 1),
(1222, 'A01', 'C09', 'C04', 1),
(1223, 'A01', 'C09', 'C05', 1),
(1224, 'A01', 'C09', 'C06', 1),
(1225, 'A01', 'C09', 'C07', 1),
(1226, 'A01', 'C09', 'C08', 1),
(1227, 'A01', 'C09', 'C09', 1),
(1234, 'A01', 'C01', 'C09', 0.2),
(1235, 'A01', 'C02', 'C09', 1),
(1236, 'A01', 'C03', 'C09', 1),
(1237, 'A01', 'C04', 'C09', 1),
(1238, 'A01', 'C05', 'C09', 1),
(1239, 'A01', 'C06', 'C09', 1),
(1240, 'A01', 'C07', 'C09', 1),
(1241, 'A01', 'C08', 'C09', 1),
(1249, 'A02', 'C09', 'C01', 5),
(1250, 'A02', 'C09', 'C02', 1),
(1251, 'A02', 'C09', 'C03', 1),
(1252, 'A02', 'C09', 'C04', 1),
(1253, 'A02', 'C09', 'C05', 1),
(1254, 'A02', 'C09', 'C06', 1),
(1255, 'A02', 'C09', 'C07', 1),
(1256, 'A02', 'C09', 'C08', 1),
(1257, 'A02', 'C09', 'C09', 1),
(1264, 'A02', 'C01', 'C09', 0.2),
(1265, 'A02', 'C02', 'C09', 1),
(1266, 'A02', 'C03', 'C09', 1),
(1267, 'A02', 'C04', 'C09', 1),
(1268, 'A02', 'C05', 'C09', 1),
(1269, 'A02', 'C06', 'C09', 1),
(1270, 'A02', 'C07', 'C09', 1),
(1271, 'A02', 'C08', 'C09', 1),
(1279, 'A03', 'C09', 'C01', 5),
(1280, 'A03', 'C09', 'C02', 1),
(1281, 'A03', 'C09', 'C03', 1),
(1282, 'A03', 'C09', 'C04', 1),
(1283, 'A03', 'C09', 'C05', 1),
(1284, 'A03', 'C09', 'C06', 1),
(1285, 'A03', 'C09', 'C07', 1),
(1286, 'A03', 'C09', 'C08', 1),
(1287, 'A03', 'C09', 'C09', 1),
(1294, 'A03', 'C01', 'C09', 0.2),
(1295, 'A03', 'C02', 'C09', 1),
(1296, 'A03', 'C03', 'C09', 1),
(1297, 'A03', 'C04', 'C09', 1),
(1298, 'A03', 'C05', 'C09', 1),
(1299, 'A03', 'C06', 'C09', 1),
(1300, 'A03', 'C07', 'C09', 1),
(1301, 'A03', 'C08', 'C09', 1),
(1399, 'A07', 'C09', 'C01', 1),
(1400, 'A07', 'C09', 'C02', 1),
(1401, 'A07', 'C09', 'C03', 1),
(1402, 'A07', 'C09', 'C04', 1),
(1403, 'A07', 'C09', 'C05', 1),
(1404, 'A07', 'C09', 'C06', 1),
(1405, 'A07', 'C09', 'C07', 1),
(1406, 'A07', 'C09', 'C08', 1),
(1407, 'A07', 'C09', 'C09', 1),
(1414, 'A07', 'C01', 'C09', 1),
(1415, 'A07', 'C02', 'C09', 1),
(1416, 'A07', 'C03', 'C09', 1),
(1417, 'A07', 'C04', 'C09', 1),
(1418, 'A07', 'C05', 'C09', 1),
(1419, 'A07', 'C06', 'C09', 1),
(1420, 'A07', 'C07', 'C09', 1),
(1421, 'A07', 'C08', 'C09', 1),
(1429, 'A08', 'C09', 'C01', 1),
(1430, 'A08', 'C09', 'C02', 1),
(1431, 'A08', 'C09', 'C03', 1),
(1432, 'A08', 'C09', 'C04', 1),
(1433, 'A08', 'C09', 'C05', 1),
(1434, 'A08', 'C09', 'C06', 1),
(1435, 'A08', 'C09', 'C07', 1),
(1436, 'A08', 'C09', 'C08', 1),
(1437, 'A08', 'C09', 'C09', 1),
(1444, 'A08', 'C01', 'C09', 1),
(1445, 'A08', 'C02', 'C09', 1),
(1446, 'A08', 'C03', 'C09', 1),
(1447, 'A08', 'C04', 'C09', 1),
(1448, 'A08', 'C05', 'C09', 1),
(1449, 'A08', 'C06', 'C09', 1),
(1450, 'A08', 'C07', 'C09', 1),
(1451, 'A08', 'C08', 'C09', 1),
(1459, 'A09', 'C09', 'C01', 1),
(1460, 'A09', 'C09', 'C02', 1),
(1461, 'A09', 'C09', 'C03', 1),
(1462, 'A09', 'C09', 'C04', 1),
(1463, 'A09', 'C09', 'C05', 1),
(1464, 'A09', 'C09', 'C06', 1),
(1465, 'A09', 'C09', 'C07', 1),
(1466, 'A09', 'C09', 'C08', 1),
(1467, 'A09', 'C09', 'C09', 1),
(1474, 'A09', 'C01', 'C09', 1),
(1475, 'A09', 'C02', 'C09', 1),
(1476, 'A09', 'C03', 'C09', 1),
(1477, 'A09', 'C04', 'C09', 1),
(1478, 'A09', 'C05', 'C09', 1),
(1479, 'A09', 'C06', 'C09', 1),
(1480, 'A09', 'C07', 'C09', 1),
(1481, 'A09', 'C08', 'C09', 1),
(1489, 'A10', 'C09', 'C01', 1),
(1490, 'A10', 'C09', 'C02', 1),
(1491, 'A10', 'C09', 'C03', 1),
(1492, 'A10', 'C09', 'C04', 1),
(1493, 'A10', 'C09', 'C05', 1),
(1494, 'A10', 'C09', 'C06', 1),
(1495, 'A10', 'C09', 'C07', 1),
(1496, 'A10', 'C09', 'C08', 1),
(1497, 'A10', 'C09', 'C09', 1),
(1504, 'A10', 'C01', 'C09', 1),
(1505, 'A10', 'C02', 'C09', 1),
(1506, 'A10', 'C03', 'C09', 1),
(1507, 'A10', 'C04', 'C09', 1),
(1508, 'A10', 'C05', 'C09', 1),
(1509, 'A10', 'C06', 'C09', 1),
(1510, 'A10', 'C07', 'C09', 1),
(1511, 'A10', 'C08', 'C09', 1),
(1519, 'A11', 'C09', 'C01', 1),
(1520, 'A11', 'C09', 'C02', 1),
(1521, 'A11', 'C09', 'C03', 1),
(1522, 'A11', 'C09', 'C04', 1),
(1523, 'A11', 'C09', 'C05', 1),
(1524, 'A11', 'C09', 'C06', 1),
(1525, 'A11', 'C09', 'C07', 1),
(1526, 'A11', 'C09', 'C08', 1),
(1527, 'A11', 'C09', 'C09', 1),
(1534, 'A11', 'C01', 'C09', 1),
(1535, 'A11', 'C02', 'C09', 1),
(1536, 'A11', 'C03', 'C09', 1),
(1537, 'A11', 'C04', 'C09', 1),
(1538, 'A11', 'C05', 'C09', 1),
(1539, 'A11', 'C06', 'C09', 1),
(1540, 'A11', 'C07', 'C09', 1),
(1541, 'A11', 'C08', 'C09', 1),
(1549, 'A12', 'C09', 'C01', 1),
(1550, 'A12', 'C09', 'C02', 1),
(1551, 'A12', 'C09', 'C03', 1),
(1552, 'A12', 'C09', 'C04', 1),
(1553, 'A12', 'C09', 'C05', 1),
(1554, 'A12', 'C09', 'C06', 1),
(1555, 'A12', 'C09', 'C07', 1),
(1556, 'A12', 'C09', 'C08', 1),
(1557, 'A12', 'C09', 'C09', 1),
(1564, 'A12', 'C01', 'C09', 1),
(1565, 'A12', 'C02', 'C09', 1),
(1566, 'A12', 'C03', 'C09', 1),
(1567, 'A12', 'C04', 'C09', 1),
(1568, 'A12', 'C05', 'C09', 1),
(1569, 'A12', 'C06', 'C09', 1),
(1570, 'A12', 'C07', 'C09', 1),
(1571, 'A12', 'C08', 'C09', 1),
(2919, 'A04', 'C01', 'C01', 1),
(2920, 'A04', 'C01', 'C02', 0.25),
(2921, 'A04', 'C01', 'C03', 0.3333333333333333),
(2922, 'A04', 'C01', 'C04', 0.3333333333333333),
(2923, 'A04', 'C01', 'C05', 0.2),
(2924, 'A04', 'C01', 'C06', 0.1111111111111111),
(2925, 'A04', 'C01', 'C07', 0.14285714285714285),
(2926, 'A04', 'C01', 'C08', 0.25),
(2927, 'A04', 'C01', 'C09', 0.3333333333333333),
(2934, 'A04', 'C02', 'C01', 4),
(2935, 'A04', 'C02', 'C02', 1),
(2936, 'A04', 'C02', 'C03', 1),
(2937, 'A04', 'C02', 'C04', 1),
(2938, 'A04', 'C02', 'C05', 1),
(2939, 'A04', 'C02', 'C06', 1),
(2940, 'A04', 'C02', 'C07', 1),
(2941, 'A04', 'C02', 'C08', 1),
(2942, 'A04', 'C02', 'C09', 1),
(2949, 'A04', 'C03', 'C01', 3),
(2950, 'A04', 'C03', 'C02', 1),
(2951, 'A04', 'C03', 'C03', 1),
(2952, 'A04', 'C03', 'C04', 1),
(2953, 'A04', 'C03', 'C05', 1),
(2954, 'A04', 'C03', 'C06', 1),
(2955, 'A04', 'C03', 'C07', 1),
(2956, 'A04', 'C03', 'C08', 1),
(2957, 'A04', 'C03', 'C09', 1),
(2964, 'A04', 'C04', 'C01', 3),
(2965, 'A04', 'C04', 'C02', 1),
(2966, 'A04', 'C04', 'C03', 1),
(2967, 'A04', 'C04', 'C04', 1),
(2968, 'A04', 'C04', 'C05', 1),
(2969, 'A04', 'C04', 'C06', 1),
(2970, 'A04', 'C04', 'C07', 1),
(2971, 'A04', 'C04', 'C08', 1),
(2972, 'A04', 'C04', 'C09', 1),
(2979, 'A04', 'C05', 'C01', 5),
(2980, 'A04', 'C05', 'C02', 1),
(2981, 'A04', 'C05', 'C03', 1),
(2982, 'A04', 'C05', 'C04', 1),
(2983, 'A04', 'C05', 'C05', 1),
(2984, 'A04', 'C05', 'C06', 1),
(2985, 'A04', 'C05', 'C07', 1),
(2986, 'A04', 'C05', 'C08', 1),
(2987, 'A04', 'C05', 'C09', 1),
(2994, 'A04', 'C06', 'C01', 9),
(2995, 'A04', 'C06', 'C02', 1),
(2996, 'A04', 'C06', 'C03', 1),
(2997, 'A04', 'C06', 'C04', 1),
(2998, 'A04', 'C06', 'C05', 1),
(2999, 'A04', 'C06', 'C06', 1),
(3000, 'A04', 'C06', 'C07', 1),
(3001, 'A04', 'C06', 'C08', 1),
(3002, 'A04', 'C06', 'C09', 1),
(3009, 'A04', 'C07', 'C01', 7),
(3010, 'A04', 'C07', 'C02', 1),
(3011, 'A04', 'C07', 'C03', 1),
(3012, 'A04', 'C07', 'C04', 1),
(3013, 'A04', 'C07', 'C05', 1),
(3014, 'A04', 'C07', 'C06', 1),
(3015, 'A04', 'C07', 'C07', 1),
(3016, 'A04', 'C07', 'C08', 1),
(3017, 'A04', 'C07', 'C09', 1),
(3024, 'A04', 'C08', 'C01', 4),
(3025, 'A04', 'C08', 'C02', 1),
(3026, 'A04', 'C08', 'C03', 1),
(3027, 'A04', 'C08', 'C04', 1),
(3028, 'A04', 'C08', 'C05', 1),
(3029, 'A04', 'C08', 'C06', 1),
(3030, 'A04', 'C08', 'C07', 1),
(3031, 'A04', 'C08', 'C08', 1),
(3032, 'A04', 'C08', 'C09', 1),
(3039, 'A04', 'C09', 'C01', 3),
(3040, 'A04', 'C09', 'C02', 1),
(3041, 'A04', 'C09', 'C03', 1),
(3042, 'A04', 'C09', 'C04', 1),
(3043, 'A04', 'C09', 'C05', 1),
(3044, 'A04', 'C09', 'C06', 1),
(3045, 'A04', 'C09', 'C07', 1),
(3046, 'A04', 'C09', 'C08', 1),
(3047, 'A04', 'C09', 'C09', 1),
(3054, 'A05', 'C01', 'C01', 1),
(3055, 'A05', 'C01', 'C02', 1),
(3056, 'A05', 'C01', 'C03', 1),
(3057, 'A05', 'C01', 'C04', 1),
(3058, 'A05', 'C01', 'C05', 1),
(3059, 'A05', 'C01', 'C06', 1),
(3060, 'A05', 'C01', 'C07', 1),
(3061, 'A05', 'C01', 'C08', 1),
(3062, 'A05', 'C01', 'C09', 1),
(3069, 'A05', 'C02', 'C01', 1),
(3070, 'A05', 'C02', 'C02', 1),
(3071, 'A05', 'C02', 'C03', 1),
(3072, 'A05', 'C02', 'C04', 1),
(3073, 'A05', 'C02', 'C05', 1),
(3074, 'A05', 'C02', 'C06', 1),
(3075, 'A05', 'C02', 'C07', 1),
(3076, 'A05', 'C02', 'C08', 1),
(3077, 'A05', 'C02', 'C09', 1),
(3084, 'A05', 'C03', 'C01', 1),
(3085, 'A05', 'C03', 'C02', 1),
(3086, 'A05', 'C03', 'C03', 1),
(3087, 'A05', 'C03', 'C04', 1),
(3088, 'A05', 'C03', 'C05', 1),
(3089, 'A05', 'C03', 'C06', 1),
(3090, 'A05', 'C03', 'C07', 1),
(3091, 'A05', 'C03', 'C08', 1),
(3092, 'A05', 'C03', 'C09', 1),
(3099, 'A05', 'C04', 'C01', 1),
(3100, 'A05', 'C04', 'C02', 1),
(3101, 'A05', 'C04', 'C03', 1),
(3102, 'A05', 'C04', 'C04', 1),
(3103, 'A05', 'C04', 'C05', 1),
(3104, 'A05', 'C04', 'C06', 1),
(3105, 'A05', 'C04', 'C07', 1),
(3106, 'A05', 'C04', 'C08', 1),
(3107, 'A05', 'C04', 'C09', 1),
(3114, 'A05', 'C05', 'C01', 1),
(3115, 'A05', 'C05', 'C02', 1),
(3116, 'A05', 'C05', 'C03', 1),
(3117, 'A05', 'C05', 'C04', 1),
(3118, 'A05', 'C05', 'C05', 1),
(3119, 'A05', 'C05', 'C06', 1),
(3120, 'A05', 'C05', 'C07', 1),
(3121, 'A05', 'C05', 'C08', 1),
(3122, 'A05', 'C05', 'C09', 1),
(3129, 'A05', 'C06', 'C01', 1),
(3130, 'A05', 'C06', 'C02', 1),
(3131, 'A05', 'C06', 'C03', 1),
(3132, 'A05', 'C06', 'C04', 1),
(3133, 'A05', 'C06', 'C05', 1),
(3134, 'A05', 'C06', 'C06', 1),
(3135, 'A05', 'C06', 'C07', 1),
(3136, 'A05', 'C06', 'C08', 1),
(3137, 'A05', 'C06', 'C09', 1),
(3144, 'A05', 'C07', 'C01', 1),
(3145, 'A05', 'C07', 'C02', 1),
(3146, 'A05', 'C07', 'C03', 1),
(3147, 'A05', 'C07', 'C04', 1),
(3148, 'A05', 'C07', 'C05', 1),
(3149, 'A05', 'C07', 'C06', 1),
(3150, 'A05', 'C07', 'C07', 1),
(3151, 'A05', 'C07', 'C08', 1),
(3152, 'A05', 'C07', 'C09', 1),
(3159, 'A05', 'C08', 'C01', 1),
(3160, 'A05', 'C08', 'C02', 1),
(3161, 'A05', 'C08', 'C03', 1),
(3162, 'A05', 'C08', 'C04', 1),
(3163, 'A05', 'C08', 'C05', 1),
(3164, 'A05', 'C08', 'C06', 1),
(3165, 'A05', 'C08', 'C07', 1),
(3166, 'A05', 'C08', 'C08', 1),
(3167, 'A05', 'C08', 'C09', 1),
(3174, 'A05', 'C09', 'C01', 1),
(3175, 'A05', 'C09', 'C02', 1),
(3176, 'A05', 'C09', 'C03', 1),
(3177, 'A05', 'C09', 'C04', 1),
(3178, 'A05', 'C09', 'C05', 1),
(3179, 'A05', 'C09', 'C06', 1),
(3180, 'A05', 'C09', 'C07', 1),
(3181, 'A05', 'C09', 'C08', 1),
(3182, 'A05', 'C09', 'C09', 1),
(3324, 'A06', 'C01', 'C01', 1),
(3325, 'A06', 'C01', 'C02', 0.3333333333333333),
(3326, 'A06', 'C01', 'C03', 0.5),
(3327, 'A06', 'C01', 'C04', 0.25),
(3328, 'A06', 'C01', 'C05', 0.3333333333333333),
(3329, 'A06', 'C01', 'C06', 0.1111111111111111),
(3330, 'A06', 'C01', 'C07', 0.2),
(3331, 'A06', 'C01', 'C08', 0.3333333333333333),
(3332, 'A06', 'C01', 'C09', 0.3333333333333333),
(3339, 'A06', 'C02', 'C01', 3),
(3340, 'A06', 'C02', 'C02', 1),
(3341, 'A06', 'C02', 'C03', 1),
(3342, 'A06', 'C02', 'C04', 1),
(3343, 'A06', 'C02', 'C05', 1),
(3344, 'A06', 'C02', 'C06', 1),
(3345, 'A06', 'C02', 'C07', 1),
(3346, 'A06', 'C02', 'C08', 1),
(3347, 'A06', 'C02', 'C09', 1),
(3354, 'A06', 'C03', 'C01', 2),
(3355, 'A06', 'C03', 'C02', 1),
(3356, 'A06', 'C03', 'C03', 1),
(3357, 'A06', 'C03', 'C04', 1),
(3358, 'A06', 'C03', 'C05', 1),
(3359, 'A06', 'C03', 'C06', 1),
(3360, 'A06', 'C03', 'C07', 1),
(3361, 'A06', 'C03', 'C08', 1),
(3362, 'A06', 'C03', 'C09', 1),
(3369, 'A06', 'C04', 'C01', 4),
(3370, 'A06', 'C04', 'C02', 1),
(3371, 'A06', 'C04', 'C03', 1),
(3372, 'A06', 'C04', 'C04', 1),
(3373, 'A06', 'C04', 'C05', 1),
(3374, 'A06', 'C04', 'C06', 1),
(3375, 'A06', 'C04', 'C07', 1),
(3376, 'A06', 'C04', 'C08', 1),
(3377, 'A06', 'C04', 'C09', 1),
(3384, 'A06', 'C05', 'C01', 3),
(3385, 'A06', 'C05', 'C02', 1),
(3386, 'A06', 'C05', 'C03', 1),
(3387, 'A06', 'C05', 'C04', 1),
(3388, 'A06', 'C05', 'C05', 1),
(3389, 'A06', 'C05', 'C06', 1),
(3390, 'A06', 'C05', 'C07', 1),
(3391, 'A06', 'C05', 'C08', 1),
(3392, 'A06', 'C05', 'C09', 1),
(3399, 'A06', 'C06', 'C01', 9),
(3400, 'A06', 'C06', 'C02', 1),
(3401, 'A06', 'C06', 'C03', 1),
(3402, 'A06', 'C06', 'C04', 1),
(3403, 'A06', 'C06', 'C05', 1),
(3404, 'A06', 'C06', 'C06', 1),
(3405, 'A06', 'C06', 'C07', 1),
(3406, 'A06', 'C06', 'C08', 1),
(3407, 'A06', 'C06', 'C09', 1),
(3414, 'A06', 'C07', 'C01', 5),
(3415, 'A06', 'C07', 'C02', 1),
(3416, 'A06', 'C07', 'C03', 1),
(3417, 'A06', 'C07', 'C04', 1),
(3418, 'A06', 'C07', 'C05', 1),
(3419, 'A06', 'C07', 'C06', 1),
(3420, 'A06', 'C07', 'C07', 1),
(3421, 'A06', 'C07', 'C08', 1),
(3422, 'A06', 'C07', 'C09', 1),
(3429, 'A06', 'C08', 'C01', 3),
(3430, 'A06', 'C08', 'C02', 1),
(3431, 'A06', 'C08', 'C03', 1),
(3432, 'A06', 'C08', 'C04', 1),
(3433, 'A06', 'C08', 'C05', 1),
(3434, 'A06', 'C08', 'C06', 1),
(3435, 'A06', 'C08', 'C07', 1),
(3436, 'A06', 'C08', 'C08', 1),
(3437, 'A06', 'C08', 'C09', 1),
(3444, 'A06', 'C09', 'C01', 3),
(3445, 'A06', 'C09', 'C02', 1),
(3446, 'A06', 'C09', 'C03', 1),
(3447, 'A06', 'C09', 'C04', 1),
(3448, 'A06', 'C09', 'C05', 1),
(3449, 'A06', 'C09', 'C06', 1),
(3450, 'A06', 'C09', 'C07', 1),
(3451, 'A06', 'C09', 'C08', 1),
(3452, 'A06', 'C09', 'C09', 1);

--
-- Indexes for dumped tables
--

--
-- Indexes for table `tb_admin`
--
ALTER TABLE `tb_admin`
  ADD PRIMARY KEY (`user`);

--
-- Indexes for table `tb_alternatif`
--
ALTER TABLE `tb_alternatif`
  ADD PRIMARY KEY (`kode_alternatif`);

--
-- Indexes for table `tb_alt_krit`
--
ALTER TABLE `tb_alt_krit`
  ADD PRIMARY KEY (`kode_alternatif`,`kode_kriteria`);

--
-- Indexes for table `tb_kriteria`
--
ALTER TABLE `tb_kriteria`
  ADD PRIMARY KEY (`kode_kriteria`);

--
-- Indexes for table `tb_krit_alt`
--
ALTER TABLE `tb_krit_alt`
  ADD PRIMARY KEY (`kode_kriteria`,`kode_alternatif`);

--
-- Indexes for table `tb_periode`
--
ALTER TABLE `tb_periode`
  ADD PRIMARY KEY (`id`);

--
-- Indexes for table `tb_rel_alternatif`
--
ALTER TABLE `tb_rel_alternatif`
  ADD PRIMARY KEY (`ID`);

--
-- Indexes for table `tb_rel_kriteria`
--
ALTER TABLE `tb_rel_kriteria`
  ADD PRIMARY KEY (`ID`);

--
-- AUTO_INCREMENT for dumped tables
--

--
-- AUTO_INCREMENT for table `tb_periode`
--
ALTER TABLE `tb_periode`
  MODIFY `id` int(3) NOT NULL AUTO_INCREMENT, AUTO_INCREMENT=5;

--
-- AUTO_INCREMENT for table `tb_rel_alternatif`
--
ALTER TABLE `tb_rel_alternatif`
  MODIFY `ID` int(11) NOT NULL AUTO_INCREMENT, AUTO_INCREMENT=2895;

--
-- AUTO_INCREMENT for table `tb_rel_kriteria`
--
ALTER TABLE `tb_rel_kriteria`
  MODIFY `ID` int(11) NOT NULL AUTO_INCREMENT, AUTO_INCREMENT=3459;
COMMIT;

/*!40101 SET CHARACTER_SET_CLIENT=@OLD_CHARACTER_SET_CLIENT */;
/*!40101 SET CHARACTER_SET_RESULTS=@OLD_CHARACTER_SET_RESULTS */;
/*!40101 SET COLLATION_CONNECTION=@OLD_COLLATION_CONNECTION */;
